id,r,Alpha1,Alpha2,Beta1,Beta2,Scale,Theta,DMax,D,DI,r^2
Utah_101,0.689116133,465.0969527,83.04621537,-0.210793607,0.521502452,0.562493335,112.0087776,660.7899628,478.8420539,72.46509192,0.474881045
Utah_102,0.463553412,303.5607495,442.9895282,-0.150646863,-0.421975935,0.44806045,250.3532604,782.4837059,693.3345376,88.6068978,0.214881766
Utah_104,0.372532376,318.5096127,42.2392236,0.334748087,0.198020387,0.388932328,30.60645676,845.1786054,784.3419702,92.80191964,0.138780371
Utah_105,0.750252978,364.9933551,495.5118176,-0.313761386,-0.49466282,0.585779407,237.6133115,632.0695175,417.8933099,66.11508676,0.56287953
Utah_107,0.643295314,468.2822995,29.96744362,-0.067341313,0.583818248,0.587689203,96.5797819,739.5640608,566.2236619,76.56181417,0.413828861
Utah_108,0.826398271,-21.86916109,457.4481755,0.344633561,-0.734307563,0.811159595,-64.85786261,794.6124842,447.4352033,56.30860479,0.682934103
Utah_109,0.822128449,16.70560787,251.6387793,0.695644578,-0.411200867,0.808088814,-30.5876606,795.715637,453.0025359,56.93020407,0.675895186
Utah_110,0.95796841,-25.42624423,137.9772272,0.849009049,-0.275680528,0.892645573,-17.98905862,754.3386176,216.3999165,28.68737083,0.917703475
Utah_111,0.657765733,594.3250945,398.0598332,-0.715958743,-0.020336291,0.716247504,181.6270078,881.5163073,663.9779787,75.32225702,0.43265576
Utah_112,0.792443061,437.4582692,561.6018802,-0.52620448,-0.555190656,0.764936481,226.5354128,781.4402568,476.6362769,60.99458951,0.627966005
Utah_113,0.679036911,590.311064,232.2387864,-0.586607193,0.347119617,0.681615747,149.3854505,812.6147611,596.5438519,73.41041295,0.461091127
Utah_114,0.86620608,607.7868729,401.7523249,-0.809206988,0.075716539,0.812741621,174.6544658,759.5734,379.5488995,49.96869289,0.750312973
Utah_115,0.531531201,645.0839506,292.8861034,-0.467785423,0.170237756,0.497799253,160.0024026,758.1653843,642.1954319,84.70387137,0.282525418
Utah_116,0.884716727,305.5904929,486.9695463,-0.134033361,-0.666399,0.679744488,258.6277832,621.985028,289.925305,46.61290737,0.782723687
Utah_117,0.742912446,128.05317,-17.68294193,0.701391459,0.003076193,0.701398204,0.251288697,764.3028686,511.6156267,66.93885994,0.551918903
Utah_118,NA,NA,NA,NA,NA,NA,NA,NA,NA,NA,NA
Utah_119,0.75223697,169.9718508,77.49649084,0.528999528,0.26829446,0.593146203,26.89290877,638.3304395,420.5912429,65.88926626,0.565860459
Utah_120,0.474787741,497.5842054,321.6816747,-0.428242381,-0.05726701,0.43205445,187.6167302,736.6775923,648.3501964,88.01003359,0.225423399
Utah_121,NA,NA,NA,NA,NA,NA,NA,NA,NA,NA,NA
Utah_122,0.680840257,133.8380551,283.3645056,0.426421614,-0.325959727,0.53673563,-37.39455445,638.195405,467.4346973,73.2431938,0.463543456
Utah_123,0.882705106,-39.56287008,390.8964444,0.520101304,-0.764927585,0.924997068,-55.78683096,848.3268091,398.6519529,46.99273306,0.779168304
Utah_124,0.981420299,-69.18320133,128.2207378,1.02180763,-0.24812945,1.051503236,-13.64915727,867.3493385,166.4185431,19.18702601,0.963185803
Utah_125,0.783174636,62.88607634,61.17574126,0.736971384,-0.037148921,0.737907083,-2.885697381,762.7488119,474.2785913,62.18018094,0.61336251
Utah_126,0.881844744,-1.30194528,259.4106988,0.759312694,-0.399421383,0.857958745,-27.745724,787.6127697,371.3908222,47.15398689,0.777650152
Utah_127,0.359595825,451.4955925,258.5274694,-0.267716529,0.152489756,0.308099441,150.3344162,693.6090397,647.2122566,93.31081625,0.129309157
Utah_128,0.65562879,251.5031193,431.6486716,-0.107781578,-0.548141047,0.55863716,258.8757869,689.7794938,520.8410221,75.50833663,0.42984911
Utah_129,0.497130809,420.0352122,368.2921784,-0.287445516,-0.342750233,0.447328343,230.0153141,728.4407148,632.0502393,86.76756068,0.247139041
Utah_130,0.801122494,86.79812293,279.4862182,0.518481191,-0.437113521,0.678152619,-40.13307708,685.2783194,410.1393604,59.85004178,0.64179725
Utah_131,0.669905094,223.0882952,196.3439702,0.410878142,-0.144895023,0.435678109,-19.42505514,526.4909781,390.8915116,74.24467425,0.448772835
Utah_132,0.737278702,109.3047747,272.6842862,0.443540948,-0.392934827,0.592559154,-41.53787061,650.6366113,439.5627539,67.55887176,0.543579885
Utah_133,0.946456076,93.65297995,-120.9954605,0.867308659,0.344266204,0.933136394,21.6499198,798.1474644,257.6680306,32.28326119,0.895779105
Utah_134,0.886015465,-56.40451175,354.9186617,0.699307857,-0.648828765,0.953944571,-42.85564141,871.6062041,404.1251734,46.36556871,0.785023404
Utah_135,0.42500253,374.7532694,481.060524,-0.019292964,-0.398134295,0.398601474,267.2257065,759.2518522,687.2688254,90.51921618,0.18062715
Utah_136,0.687910908,54.4410835,344.2143024,0.543537057,-0.50884291,0.744549287,-43.11179558,876.1929011,635.9365479,72.57951383,0.473221417
Utah_137,0.953897906,-1.388106913,181.2126994,0.797665542,-0.31374422,0.857149784,-21.4711054,727.4335021,218.3255471,30.01312786,0.909921216
Utah_138,0.834855086,71.46370672,132.4182749,0.866625442,-0.000546268,0.866625614,-0.036115798,840.3474728,462.5858941,55.04697867,0.696983014
Utah_139,0.843992687,390.6868928,-51.36926027,0.261945234,0.621191857,0.674162168,67.1357377,646.6423857,346.8296703,53.63546807,0.712323656
Utah_140,0.867968248,591.6707493,200.2547335,-0.417657287,0.459412105,0.620884121,132.2743662,579.0888317,287.5869185,49.66196942,0.753368879
Utah_141,0.568030995,162.6566081,330.9544373,0.201061485,-0.424752672,0.469936755,-64.66893597,669.7394083,551.2003299,82.30071623,0.322659211
Utah_142,0.528405823,197.8108683,101.4048272,0.496963099,0.062165496,0.500836171,7.130136991,767.3024176,651.4335556,84.89919238,0.279212713
Utah_143,0.705873436,189.148923,13.7893235,0.510916976,0.278804023,0.582037661,28.62100606,667.5176028,472.8280695,70.83379787,0.498257308
Utah_144,0.62356159,54.46437888,151.7995164,0.571242631,-0.105518303,0.580906409,-10.46554676,754.1631123,589.585285,78.17742281,0.388829056
Utah_145,0.880117057,-61.0458484,284.0072918,0.658383122,-0.471148484,0.80959819,-35.58805761,744.6763559,353.5401222,47.47567443,0.774606034
Utah_146,0.926358373,-7.685357031,134.4870517,0.982438539,-0.234210287,1.009970268,-13.40885253,882.6083503,332.4285095,37.66432862,0.858139835
Utah_147,0.492164494,671.7522516,278.4294841,-0.417762955,0.127817269,0.436878862,162.9881711,718.6033329,625.5457946,87.05022173,0.24222589
Utah_148,0.480443525,557.1235032,265.1507335,-0.362639438,0.239524579,0.43460256,146.5551027,732.2989485,642.2449734,87.70256665,0.23082598
Utah_149,0.69374743,502.4021943,41.46517157,0.029168139,0.489068528,0.489937553,86.58691189,571.7126682,411.757967,72.02183717,0.481285497
Utah_150,0.611043245,278.9932048,41.29894767,0.259376781,0.450029412,0.519425438,60.04277937,688.1605009,544.7459366,79.15972159,0.373373848
Utah_151,0.774273773,502.2902116,154.6320333,-0.388375851,0.476845773,0.614994059,129.1617301,643.0057348,406.9266885,63.28507919,0.599499875
Utah_152,0.732823294,144.603762,504.2214889,0.019115961,-0.775082379,0.775318073,-88.58719291,856.4837272,582.7678035,68.04190027,0.537029981
Utah_153,0.855705685,10.19562245,312.6436426,0.69541455,-0.362505541,0.784226793,-27.53212004,741.917701,383.9148329,51.74628296,0.73223222
Utah_154,0.922738799,5.343259498,201.5956298,0.734748163,-0.471766087,0.873165565,-32.7036527,766.0485461,295.2549352,38.54258803,0.851446891
Utah_155,NA,NA,NA,NA,NA,NA,NA,NA,NA,NA,NA
Utah_156,0.667055665,139.1083652,182.1318273,0.580312899,-0.173232314,0.60561745,-16.62117242,734.9787412,547.5649532,74.50078791,0.44496326
Utah_157,0.612198884,131.5681249,107.6369013,0.629611333,0.057295239,0.632212919,5.199649725,836.0058313,661.0330017,79.07038168,0.374787474
Utah_158,0.368612268,247.6527381,98.22029074,0.23547525,0.193908116,0.305039261,39.47062159,669.9222903,622.7485315,92.95832376,0.135875004
Utah_159,0.991357202,52.18415654,-40.37515745,0.912663814,0.09615926,0.917715555,6.014555872,749.4046804,98.31463206,13.11903096,0.982789103
Utah_160,0.680394246,393.1864618,-104.8765418,0.311827321,0.593937184,0.670818646,62.29974829,798.1471512,584.9191704,73.28462796,0.46293633
Utah_161,NA,NA,NA,NA,NA,NA,NA,NA,NA,NA,NA
Utah_162,0.841585234,73.38537672,461.9747637,0.011455615,-0.730168588,0.730258446,-89.10116029,702.4524895,379.4116818,54.01243322,0.708265706
Utah_163,0.900960327,85.63703707,73.59194704,0.688768539,-0.005878107,0.688793621,-0.488963344,618.902052,268.542512,43.3901473,0.811729512
Utah_164,0.959692586,2.278533941,83.65689652,0.908497754,-0.231303087,0.937480286,-14.2840046,790.8033099,222.2567293,28.1051845,0.92100986
Utah_165,0.862547057,388.7531283,602.7264508,-0.555867388,-0.666155239,0.867612446,230.1569875,814.2944031,412.0141183,50.59768515,0.743987426
Utah_166,0.773640425,24.93661036,105.6730595,0.795147443,-0.060458408,0.797442584,-4.348073184,834.4469726,528.7263661,63.36248839,0.598519506
Utah_167,0.754889061,289.33475,531.0205553,-0.198536138,-0.538619879,0.57404527,249.7660338,615.6040732,403.745472,65.58525025,0.569857495
Utah_168,0.713213877,-58.79053201,361.1654724,0.49005616,-0.600924231,0.775412775,-50.80261589,880.1397616,616.9308662,70.09464782,0.508674035
Utah_169,0.378800018,292.335318,136.9637582,0.002272049,0.275937258,0.275946612,89.52824097,589.7304469,545.7828789,92.547855,0.143489453
Utah_170,0.712850599,394.66936,569.7472082,-0.527073855,-0.514653497,0.73666483,224.3169034,836.584649,586.7101349,70.13159225,0.508155977
Utah_171,0.38428157,265.2750984,64.15652001,0.294734308,0.143293983,0.327721647,25.92810302,690.3892924,637.3784006,92.32159416,0.147672325
Utah_172,0.775143267,39.66601486,298.5322077,0.55105664,-0.323908169,0.639202568,-30.44678635,667.5672251,421.7592921,63.17854986,0.600847084
Utah_173,0.7736008,132.8942379,198.2936986,0.441794187,-0.268904053,0.517195797,-31.32735408,541.2233827,342.9587861,63.36732614,0.598458198
Utah_174,0.509319306,528.1846082,409.6719647,-0.348101145,-0.064932315,0.35410537,190.5661169,562.8346782,484.3629293,86.05776226,0.259406156
Utah_175,0.541057642,265.3025968,52.36313726,0.357230923,0.333588793,0.488769286,43.03991437,731.3055107,615.017338,84.09855101,0.292743372
Utah_176,0.919343291,1.096089069,13.38437192,0.954278632,-0.152505777,0.966387976,-9.079809043,850.9661421,334.8180479,39.34563684,0.845192086
Utah_177,0.89353887,75.26086834,-17.07114154,0.790202417,0.188695296,0.812419703,13.43035945,736.0468735,330.4746264,44.89858435,0.798411712
Utah_178,0.245355973,321.4983795,151.8231807,0.183932995,0.06155247,0.193958896,18.50261958,639.9581041,620.3965394,96.94330542,0.060199553
Utah_179,0.93146553,250.1501632,-151.4996521,0.683007543,0.578598562,0.895139989,40.26905236,777.9696331,283.0483675,36.38295834,0.867628034
Utah_180,0.444191454,143.2376485,35.86545966,0.408087672,0.185151036,0.448125489,24.40398896,816.7100924,731.7166169,89.59318903,0.197306048
Utah_181,0.914164214,-49.95439117,258.4121904,0.707731529,-0.38270145,0.804577104,-28.40203208,712.4951754,288.8056728,40.53440399,0.835696209
Utah_182,NA,NA,NA,NA,NA,NA,NA,NA,NA,NA,NA
Utah_183,0.774241245,488.295601,515.7667812,-0.576844552,-0.473910725,0.746552753,219.4050568,780.5894407,494.0277088,63.28905862,0.599449506
Utah_184,0.954407542,42.55630799,126.501685,0.857420896,-0.145839548,0.869735458,-9.653110792,737.7203908,220.2144716,29.85066894,0.910893756
Utah_185,0.559929705,112.1385401,275.5452762,0.328080332,-0.300591435,0.444962824,-42.49631639,643.3224308,533.0184421,82.8540117,0.313521274
Utah_186,0.497523934,269.5775003,214.1414982,0.404505277,-0.005731308,0.404545877,-0.811751585,687.0391182,595.9722543,86.74502492,0.247530065
Utah_187,0.85286583,90.85847872,26.99503819,0.638847923,0.117130702,0.649496936,10.38960257,616.5025345,321.8945506,52.21301335,0.727380124
Utah_188,0.665743466,56.58116702,187.1317106,0.472764019,-0.209556874,0.517126581,-23.90574326,628.8230077,469.2155923,74.61807003,0.443214362
Utah_189,0.866271393,307.186625,554.5432136,-0.448530988,-0.605770074,0.753748917,233.4826027,704.3867901,351.8931091,49.95736917,0.750426127
Utah_190,0.584747392,122.106509,270.3805095,0.313422639,-0.377128139,0.490366581,-50.2707986,678.8769218,550.7154397,81.12154383,0.341929513
Utah_191,0.613335251,389.506231,367.3765494,-0.408918137,-0.40508968,0.575596814,224.7305274,759.7293926,600.0515066,78.98226822,0.376180131
Utah_192,0.710364452,408.5428905,45.94615365,0.383127554,0.453335632,0.593548581,49.79784393,676.4154603,476.0842213,70.38340328,0.504617654
Utah_193,0.882317968,4.753855732,4.356899805,0.85517555,0.185357031,0.875032828,12.22953795,802.8560737,377.8672652,47.06538041,0.778484997
Utah_194,0.681809035,187.143347,121.8668921,0.585601631,-0.098174579,0.593773963,-9.516985497,705.0125885,515.7380028,73.15302041,0.46486356
Utah_195,0.776663088,330.4941063,572.8561227,-0.448604612,-0.602161346,0.750895722,233.3142314,782.6821673,493.0241944,62.99162227,0.603205552
Utah_196,0.498949406,168.722229,322.9159471,0.237239178,-0.402768803,0.467445329,-59.50103268,758.42526,657.2749291,86.66311155,0.24895051
Utah_197,0.358180039,282.3084738,266.5553051,0.331487261,-0.146031047,0.362227651,-23.77507038,818.6885091,764.3706035,93.3652537,0.12829294
Utah_198,0.911811372,-54.7639266,456.1353857,0.559900695,-0.770961715,0.95282252,-54.01147022,845.9515353,347.3555932,41.06093302,0.831399978
Utah_199,0.629019276,354.1671619,469.6998667,-0.238391987,-0.549993477,0.599436038,246.5659152,771.4670278,599.7305236,77.7389703,0.39566525
Utah_200,0.587645799,130.6485423,135.0319659,0.504795107,0.010002968,0.504894207,1.135218692,695.5417852,562.7755831,80.91182946,0.345327585
Utah_201,0.298282496,163.2526282,278.7130828,0.245689553,-0.13680285,0.281208777,-29.10957776,763.2021357,728.4593682,95.44776333,0.088972448
Utah_202,0.797896288,6.100261232,347.6796014,0.577209621,-0.530573864,0.784015033,-42.58937079,795.4564727,479.4969881,60.27947531,0.636638486
Utah_203,0.250632224,215.0802587,198.7660529,0.199489056,-0.046278699,0.204786722,-13.06079835,661.4596549,640.3474348,96.80823767,0.062816512
Utah_204,0.705216438,291.3037794,-10.24384018,0.364163038,0.484697237,0.606255829,53.0817061,695.9402812,493.4161502,70.89920839,0.497330225
Utah_205,0.662964943,149.9088338,-19.6962988,0.480409488,0.249477574,0.541324612,27.44293922,661.0064296,494.8627559,74.86504423,0.439522515
Utah_206,0.945207205,-68.8010328,296.3626742,0.647052249,-0.49161066,0.812623931,-37.22646711,695.9868892,227.2195626,32.64710386,0.893416661
Utah_207,0.726736458,97.76030681,122.2240498,0.656124424,-0.133114012,0.669491299,-11.46846662,745.7726698,512.2834667,68.69163854,0.528145879
Utah_208,0.980170213,39.92268433,64.2264088,0.896588951,-0.002347199,0.896592023,-0.149995501,740.511563,146.7378417,19.81573942,0.960733647
Utah_209,0.559622094,181.346618,107.0610684,0.285981044,0.224104703,0.363329156,38.08348539,525.5861014,435.5783875,82.87479184,0.313176888
Utah_210,0.298218621,270.7347134,233.2942273,0.206405531,-0.115297346,0.236424875,-29.18755983,641.7958203,612.5925655,95.44975926,0.088934346
Utah_211,0.39790638,186.4837931,182.7066172,0.363154807,-0.135839251,0.38772892,-20.50847541,788.8342665,723.6970862,91.74260259,0.158329487
Utah_212,0.909699122,-63.20798139,255.8103449,0.700503772,-0.369006211,0.79175193,-27.77903368,704.5792184,292.589199,41.52679946,0.827552493
Utah_213,0.787903615,76.53050596,177.1016013,0.752100196,-0.324030622,0.818932567,-23.30803899,841.4213421,518.1460696,61.57985823,0.620792106
Utah_214,0.713353377,72.11730465,257.7698223,0.56970072,-0.224776095,0.612440367,-21.53177207,695.0204134,487.0734391,70.08045084,0.508873041
Utah_215,0.952821081,604.7373818,590.6587993,-0.805778696,-0.413475968,0.905671951,207.1640997,769.4812376,233.5625758,30.35325157,0.907868012
Utah_217,0.288445659,298.1944746,107.4094114,0.099627607,0.169282931,0.196423957,59.52203187,551.275793,527.8445141,95.74962674,0.083200898
Utah_218,0.908338907,654.8260772,534.3176741,-0.905151097,-0.12147758,0.913266287,187.6438187,813.9317385,340.4146579,41.82348983,0.82507957
Utah_219,0.977159203,22.13664187,71.18868347,0.930538845,-0.186936708,0.949130062,-11.35900101,786.3191941,167.0995677,21.25085702,0.954840108
Utah_221,0.419005936,220.6728833,328.283519,0.119087655,-0.350302241,0.369991256,-71.22418158,714.8415034,649.0642862,90.79834943,0.175565974
Utah_222,0.750510524,36.05987475,351.2028094,0.397182903,-0.561395685,0.687691336,-54.72090233,741.7802067,490.2117525,66.0858497,0.563266047
Utah_223,0.392213343,277.7861035,124.0230608,0.344719393,0.069446659,0.351645131,11.39026288,725.8062758,667.6505265,91.98742816,0.153831306
Utah_224,0.235569739,285.8650294,270.4348224,0.085973567,-0.152585887,0.175139679,-60.60118606,601.8711448,584.9329546,97.18574475,0.055493102
Utah_225,0.624194884,250.2471247,11.07301838,0.263989163,0.446913927,0.519059087,59.42992847,673.1859884,525.9391268,78.12686774,0.389619254
Utah_226,NA,NA,NA,NA,NA,NA,NA,NA,NA,NA,NA
Utah_227,0.758686611,313.6603706,493.5376452,-0.178856743,-0.605937159,0.631782855,253.5547831,674.1303657,439.1661194,65.14557743,0.575605374
Utah_228,0.731964733,113.1384062,288.1234803,0.667436986,-0.341594371,0.749772529,-27.10337484,829.2354159,564.9933484,68.13425206,0.53577237
Utah_229,0.476046059,295.6980864,414.0456355,-0.10342669,-0.366996233,0.381291641,254.2611293,648.4056408,570.2211147,87.94203486,0.22661985
Utah_230,0.467969943,135.614518,312.9454796,0.034357307,-0.336957193,0.338704259,-84.17804696,585.9238432,517.8069045,88.37443817,0.218995868
Utah_231,0.648778523,346.7118282,33.26912683,0.361305429,0.348773299,0.502179676,43.98889579,626.6155121,476.8401709,76.09772846,0.420913572
Utah_232,0.780333338,63.35993327,320.9424827,0.419227427,-0.48260982,0.639268233,-49.0202176,663.1952955,414.7383302,62.53638,0.608920118
Utah_233,0.404318458,219.3754264,241.5049569,0.233308487,-0.21048347,0.314223076,-42.05576952,629.1482337,575.4304708,91.46182727,0.163473415
Utah_234,0.494285931,225.2933301,361.7458452,0.102091537,-0.474043859,0.484912633,-77.84623852,794.188737,690.3877796,86.92993836,0.244318582
Utah_235,0.456419134,495.6509494,299.5535072,-0.426217526,0.069608785,0.431864287,170.7244849,765.9879242,681.5491672,88.9764898,0.208318426
Utah_236,0.78200624,83.26069782,337.4992561,0.444142912,-0.551073807,0.70777487,-51.13260863,732.6952811,456.6674277,62.32706003,0.611533759
Utah_237,0.646221168,189.8102648,66.20641774,0.320986472,0.416454504,0.525800979,52.37640223,658.6863821,502.6766331,76.31501831,0.417601798
Utah_238,0.855945732,523.17585,35.69786856,-0.3592718,0.683069723,0.771790433,117.7428672,729.9475152,377.4307989,51.7065667,0.732643096
Utah_239,0.307476968,476.1358934,191.3230159,-0.21367525,0.209264285,0.299079677,135.5975334,787.431505,749.2847978,95.15555233,0.094542086
Utah_240,0.653367295,153.9593515,66.44094045,0.601704724,0.12144134,0.613837579,11.41064915,760.5618811,575.7765784,75.70410675,0.426888822
Utah_241,0.4787564,398.6014079,93.40058564,0.077319104,0.329155321,0.33811458,76.78079303,571.7257865,501.9453869,87.79477831,0.22920769
Utah_242,0.946125369,-35.02258087,345.674096,0.564894168,-0.611637119,0.832589567,-47.27513375,712.3948168,230.6738222,32.38005341,0.895153214
Utah_243,0.167670231,425.8097899,219.9071687,-0.147218189,0.038189578,0.152090891,165.457559,734.3206044,723.9249292,98.58431384,0.028113307
Utah_244,0.684190179,69.14676119,249.9522652,0.524749163,-0.398245304,0.658757167,-37.19577469,779.4477211,568.4540598,72.93036395,0.468116201
Utah_245,0.490233157,129.3461411,312.178111,0.218441747,-0.331293855,0.396827941,-56.60075963,655.2967839,571.1509973,87.15913329,0.240328548
Utah_246,0.263823878,185.9437939,198.5169843,0.106974001,0.093342087,0.14197247,41.10690884,435.6407637,420.20639,96.4570869,0.069603039
Utah_247,0.251258075,409.306251,370.4590966,-0.162102477,-0.103340859,0.192240855,212.5176436,619.3899216,599.519974,96.79201309,0.06313062
Utah_248,0.568611441,151.537522,381.3440392,0.228740355,-0.494386253,0.544738393,-65.17118061,775.5519003,637.9738342,82.26062421,0.323318971
Utah_249,0.443847844,476.5214681,362.2427892,-0.407127887,-0.10312876,0.419986497,194.2144907,766.0192556,686.4315138,89.61021655,0.197000909
Utah_250,0.58854089,578.181857,334.8571783,-0.433871769,0.002968999,0.433881927,179.6079292,596.8062919,482.498462,80.84674518,0.346380379
Utah_251,0.528446606,534.7657207,422.8354714,-0.545810251,-0.058230991,0.548907714,186.0896938,840.8851735,713.8833753,84.89665389,0.279255816
Utah_253,0.9258568,187.76403,493.738619,0.032137901,-0.814031087,0.814665241,-87.73914006,712.3178715,269.1668048,37.78745636,0.857210814
Utah_254,0.633372567,24.74254279,109.3998483,0.598408421,-0.052800732,0.600733348,-5.042450003,767.8227334,594.1773245,77.38470074,0.401160809
Utah_256,0.382860573,194.4983242,230.9077813,0.30041672,0.071337236,0.308770476,13.35809981,652.8803489,603.134874,92.38061384,0.146582219
Utah_257,0.991512708,75.33480683,-109.869961,0.912708065,0.233347397,0.942065294,14.34131504,769.1679758,99.99938037,13.00098074,0.98309745
Utah_258,0.710029074,88.79690603,328.8959649,0.286132488,-0.616907922,0.680034695,-65.11731997,775.3421825,545.9745354,70.41723613,0.504141286
Utah_259,0.867771817,84.26646606,234.1032176,0.578051531,-0.237043101,0.62476636,-22.29719071,582.841638,289.6506413,49.69628495,0.753027926
Utah_260,0.683888388,444.7352117,459.5669503,-0.46817834,-0.382332566,0.604457731,219.236407,715.5157231,522.0307162,72.95866455,0.467703327
Utah_261,0.496571771,115.0301397,264.545758,0.369657766,-0.182362092,0.412192669,-26.25835965,671.9805615,583.2762149,86.79956658,0.246583524
Utah_262,0.234422643,342.8929432,200.9747221,-0.068150798,0.180062195,0.192527726,110.7308908,664.8630498,646.3364925,97.21347768,0.054953976
Utah_263,0.412422402,415.3903198,255.4517273,-0.317368207,-0.003589273,0.317388503,180.6479586,622.9990971,567.547651,91.09927343,0.170092238
Utah_265,0.719363422,220.2524923,284.5057911,0.46153538,-0.342901677,0.574975189,-36.61082031,647.0520651,449.4643053,69.4633909,0.517483733
Utah_266,0.723490812,103.2852551,57.05332831,0.577135234,0.167842873,0.601046012,16.21552433,672.5323412,464.2719475,69.03340093,0.523438956
Utah_267,0.419252025,195.5431777,167.1920084,0.406993227,-0.047090472,0.409708433,-6.599965158,791.1124288,718.2271546,90.78698911,0.175772261
Utah_268,0.617163125,498.9147844,241.8977532,-0.528967484,0.289039308,0.602785468,151.3468505,790.6809565,622.1356315,78.6835229,0.380890322
Utah_270,0.538600071,185.9109827,91.01982626,0.365362006,0.003996304,0.365383861,0.626672275,549.1884922,462.7251066,84.25615488,0.290090036
Utah_271,0.788016002,588.2698753,352.9018125,-0.756299825,-0.052247215,0.758102366,183.9518671,778.8095884,479.4778288,61.56547582,0.620969219
Utah_272,0.973842868,48.72003554,197.972304,0.786771073,-0.372246056,0.870388331,-25.32029857,723.5401682,164.4046127,22.72225094,0.948369931
Utah_273,0.85683736,332.0783689,623.0724931,-0.365436011,-0.802437379,0.881730813,245.5151238,833.0596467,429.5145499,51.55867909,0.734170261
Utah_274,0.749468892,636.5212286,342.1037651,-0.654531777,0.04059438,0.65578941,176.4510336,708.3522252,468.9571963,66.20395611,0.561703619
Utah_275,0.5005145,477.709645,429.6955103,-0.30435733,-0.276503363,0.411202498,222.2546031,665.0856148,575.783341,86.57281531,0.250514765
Utah_276,0.401165981,449.3025331,336.5591213,-0.364406036,-0.028549772,0.365522706,184.479747,737.6132964,675.6577476,91.60053797,0.160934144
Utah_277,0.640697902,364.0128064,-4.52171455,0.304614061,0.528257945,0.609791918,60.03057988,770.4896982,591.5766509,76.77930702,0.410493801
Utah_278,0.491085992,310.1196587,60.38138308,0.317351804,0.173549699,0.361706601,28.67285904,596.2623164,519.4107223,87.11110999,0.241165452
Utah_279,NA,NA,NA,NA,NA,NA,NA,NA,NA,NA,NA
Utah_280,0.679222879,49.79132395,265.5415416,0.454439232,-0.217225613,0.503688378,-25.54817521,600.3273066,440.5994616,73.39320681,0.461343719
Utah_281,0.728660085,103.2088981,41.77391584,0.684331252,0.011180573,0.68442258,0.936012572,760.3924973,520.7742083,68.48755217,0.53094552
Utah_282,0.792105571,62.29490216,311.7526468,0.586267301,-0.47495367,0.754513311,-39.01202542,771.1206131,470.6797709,61.03841123,0.627431235
Utah_283,0.444847532,185.0916018,297.7605433,0.304252806,-0.437310361,0.532738324,-55.17225272,969.4853016,868.2771596,89.56063162,0.197889326
Utah_284,0.602963836,138.4875835,244.8798862,0.452510508,-0.412663814,0.612419123,-42.36303409,822.2349877,655.95319,79.77685209,0.363565387
Utah_285,0.543310173,187.8069121,359.7389554,0.229281665,-0.450600857,0.505580077,-63.0313971,753.3218933,632.4378704,83.9532046,0.295185944
Utah_286,0.328342296,479.2321282,95.38153033,-0.09313037,0.235075848,0.252851577,111.6120633,623.4150904,588.852213,94.45588053,0.107808663
Utah_287,0.786817464,356.3396542,-44.6834119,0.352475488,0.632026053,0.723668364,60.85196823,744.5674919,459.5364626,61.71857725,0.619081722
Utah_288,0.824870995,200.3750373,-24.84439667,0.654524529,0.454289313,0.796731535,34.76356005,781.9238294,442.0379668,56.53210072,0.680412159
Utah_289,0.920162507,9.518111926,261.5584332,0.6772496,-0.451463748,0.813932759,-33.68795981,716.0815247,280.3721727,39.1536666,0.846699039
Utah_290,0.654589716,68.81834096,142.8576685,0.544397659,-0.133379517,0.560498802,-13.76650824,693.1767451,524.0307555,75.59843274,0.428487697
Utah_291,0.170523061,419.0279524,275.7334992,-0.135440231,0.004906116,0.13552906,177.9254548,643.4099587,633.9863741,98.53536855,0.029078114
Utah_292,0.205347793,373.3729491,199.1539886,0.070513256,0.134436195,0.151806488,62.32249796,598.4650157,585.711166,97.86890639,0.042167716
Utah_293,0.908116763,445.8091597,612.5739381,-0.712809689,-0.58846153,0.924329283,219.5414481,823.992946,345.0198724,41.87170219,0.824676056
Utah_294,0.568413362,201.2331845,87.75559792,0.423937847,0.049097398,0.42677143,6.606150196,607.8123683,500.0734473,82.2743125,0.32309375
Utah_295,0.82414518,260.67716,503.9284186,-0.329563115,-0.531685856,0.625541123,238.2074796,614.4557551,348.014592,56.63786026,0.679215278
Utah_296,0.483900747,183.1247933,248.7133731,0.304156675,-0.279516995,0.413087199,-42.58270411,691.0729882,604.7737884,87.51228868,0.234159933
Utah_297,0.962344,-55.41427477,372.4210619,0.325865504,-0.557783905,0.645996293,-59.70590366,543.4231776,147.7211988,27.1834557,0.926105974
Utah_298,0.536318872,296.7322354,509.7140094,-0.039900863,-0.615381652,0.616673865,266.2901797,930.8312146,785.6359197,84.40154428,0.287637932
Utah_299,0.664135606,154.4650186,-2.200460285,0.478551717,0.243107748,0.536761701,26.93090033,654.2793746,489.1471965,74.76121295,0.441076104
Utah_300,0.847804043,690.870175,523.6409796,-0.752117362,-0.200735326,0.778444088,194.9435567,743.3107526,394.1848504,53.03096303,0.718771696
Utah_301,0.712417939,576.0786123,156.3756316,-0.543166266,0.380663243,0.66327528,144.9763567,753.6981325,528.911755,70.17554273,0.50753932
Utah_302,0.901240599,13.81519496,189.129321,0.799632413,-0.128532148,0.809896604,-9.131559177,727.4904639,315.2354634,43.33190317,0.812234617
Utah_303,0.915459644,7.782813298,113.1219994,0.880523243,-0.123397149,0.889127683,-7.977517106,786.2549682,316.3966984,40.24097923,0.838066359
Utah_304,0.755461388,61.65086774,112.6572524,0.553706729,-0.137965577,0.570636173,-13.99132774,611.4845664,400.6405117,65.51931704,0.570721909
Utah_305,0.990046848,620.4141706,417.1568748,-0.868932968,0.000679021,0.868933234,179.9552267,710.5082688,99.99564804,14.07381904,0.980192762
Utah_306,0.953647995,129.5369441,-80.35026715,0.742202133,0.338924065,0.815924952,24.54364736,692.6288689,208.4289348,30.09244116,0.909444499
Utah_307,0.475014127,142.4016107,137.198004,0.424764117,-0.015769685,0.425056746,-2.126172148,724.4007006,637.4568024,87.99781694,0.225638421
Utah_308,0.820406979,10.6450747,414.2259819,0.323001028,-0.742730854,0.809925172,-66.49659659,799.1973317,456.9650648,57.17800181,0.673067611
Utah_309,0.847201642,565.8692816,571.0743741,-0.729877906,-0.278500753,0.781207032,200.8854389,746.4794036,396.5832123,53.1271473,0.717750622
