participant,bad_pointing_different,bad_pointing_same,Study,SBSOD,gender,WRAT,Model_Building,Model_Building_A,Model_Building_B,K_Means_Across_All,Model_Building_Average_Within,Education,New_or_Original,MRT
Original_Study1_1001,20.21423536,21.9792326,1,3.133333333,Male,47,0.489043184,0.210223545,0.808425836,3,0.509324691,2,Original,
Original_Study1_1002,58.27469586,9.80542444,1,5.533333333,Male, ,0.457136285,0.747308539,0.190508386,1,0.468908463,2,Original,
Original_Study1_1003,55.86273948,48.72043464,1,3.733333333,Male, ,0.382872214,0.728185191,0.629351261,2,0.678768226,2,Original,
Original_Study1_1004,25.72080813,7.870785002,1,4.733333333,Female, ,0.925947,0.889316816,0.83725153,3,0.863284173,2,Original,
Original_Study1_1005,44.36939342,17.99604561,1,4.733333333,Female,45,0.385930482,0.392962878,0.758849987,1,0.575906433,2,Original,
Original_Study1_1006,44.27300236,25.42556243,1,3.6,Female,43,0.155929036,0.242028987,0.040747828,1,0.141388408,2,Original,
Original_Study1_1007,40.70141722,25.56333775,1,5.4,Female, ,0.251371029,0.442423229,0.819924427,1,0.631173828,2,Original,
Original_Study1_1008,58.24076461,16.3871896,1,3.066666667,Female, ,0.073542213,0.499128959,0.211663291,1,0.355396125,2,Original,
Original_Study1_1009,25.35548882,22.92771528,1,6.466666667,Female,51,0.81123877,0.877579812,0.857402522,3,0.867491167,2,Original,
Original_Study1_1010,58.34281127,29.83165067,1,3.466666667,Female, ,0.501042467,0.439075746,0.419409209,2,0.429242478,2,Original,
Original_Study1_1011,48.14764118,32.10322053,1,3.733333333,Female, ,0.611558273,0.75875082,0.410349288,2,0.584550054,2,Original,
Original_Study1_1012,15.3353117,4.710319425,1,5,Male,54,0.937405919,0.909559734,0.766051069,3,0.837805402,2,Original,
Original_Study1_1013,54.84632016,23.092378,1,4.533333333,Female, ,0.401036164,0.363604357,0.778930833,1,0.571267595,2,Original,
Original_Study1_1014,50.12060922,46.01475651,1,3.266666667,Female, ,0.626289525,0.456219283,0.566624936,2,0.51142211,2,Original,
Original_Study1_1015,52.54696715,22.31305779,1,4.666666667,Female, ,0.20129867,0.453539205,0.296753858,1,0.375146532,2,Original,
Original_Study1_1016,49.8522034,36.12671019,1,4.266666667,Female,48,0.391995385,0.762787271,0.330044414,2,0.546415843,2,Original,
Original_Study1_1017,53.18127016,17.34612963,1,4.866666667,Male, ,0.634209732,0.688326238,0.816713888,1,0.752520063,2,Original,
Original_Study1_1018,56.01796776,16.54129263,1,6.133333333,Female,53,0.542088691,0.549654788,0.873070685,1,0.711362737,2,Original,
Original_Study1_1019,48.13266335,32.56510529,1,5.133333333,Female,45,0.335807492,0.828031445,0.468999646,2,0.648515546,2,Original,
Original_Study1_1020,58.72766532,38.44553796,1,5.866666667,Male, ,0.401813151,0.607298707,0.407836581,2,0.507567644,2,Original,
Original_Study1_1021,28.5369919,8.089441192,1,5.4,Female, ,0.797232026,0.872107433,0.597597437,3,0.734852435,2,Original,
Original_Study1_1022,41.53944872,29.4796179,1,4.2,Female, ,0.584021448,0.474775591,0.944968048,1,0.70987182,2,Original,
Original_Study1_1023,18.27062605,13.12393258,1,4.866666667,Female, ,0.556533065,0.544695963,0.880452771,3,0.712574367,2,Original,
Original_Study1_1024,60.117425,62.11886212,1,4.2,Female, ,0.283410358,0.315806735,0.314138414,2,0.314972575,2,Original,
Original_Study1_1025,49.81412383,20.58118603,1,5.4,Female,48,0.620759812,0.927373205,0.235555577,1,0.581464391,2,Original,
Original_Study1_1026,64.96644922,22.135052,1,5.2,Female,46,0.194100423,0.90038077,0.098159718,1,0.499270244,2,Original,
Original_Study1_1027,54.83384457,40.63328669,1,1.533333333,Female,53,0.563004696,0.878079943,0.067040223,2,0.472560083,2,Original,
Original_Study1_1028,48.5976801,21.29849067,1,5.533333333,Male, ,0.346972046,0.865736269,0.495439179,1,0.680587724,2,Original,
Original_Study1_1029,26.4978102,17.90119272,1,5.666666667,Male,49,0.844956638,0.88229622,0.927742994,3,0.905019607,2,Original,
Original_Study1_1030,46.28846813,56.42274034,1,3.733333333,Female, ,0.251198056,0.72583708,0.593903276,2,0.659870178,2,Original,
Original_Study1_1031,47.86036847,25.29494922,1,2.466666667,Male,30,0.182477583,0.364100183,0.968746842,1,0.666423513,2,Original,
Original_Study1_1032,58.88772508,35.53028071,1,4.466666667,Female, ,0.132261091,0.75091528,0.923157393,2,0.837036337,2,Original,
Original_Study1_1033,52.18896101,28.91570817,1,4.266666667,Female, ,0.599725743,0.942374413,0.201634786,1,0.5720046,2,Original,
Original_Study1_1034,19.41641658,30.44606518,1,3.4,Female, ,0.86077427,0.909433899,0.779103127,3,0.844268513,2,Original,
Original_Study1_1035,23.42953232,15.08506293,1,5.066666667,Female, ,0.934090262,0.92006253,0.84567436,3,0.882868445,2,Original,
Original_Study1_1036,48.59248235,24.66594298,1,4.133333333,Female, ,0.31788004,0.608429415,0.387861865,1,0.49814564,2,Original,
Original_Study1_1037,55.31483806,8.416698727,1,5.266666667,Male, ,0.439681971,0.91348728,0.762399182,1,0.837943231,2,Original,
Original_Study1_1038,51.7506493,29.08844749,1,4.333333333,Male, ,0.706467382,0.381987662,0.75302432,1,0.567505991,2,Original,
Original_Study1_1039,45.14781479,22.16517183,1,3.466666667,Female,44,0.786142387,0.511931771,0.944992575,1,0.728462173,2,Original,
Original_Study1_1040,41.70316673,37.73454885,1,4.066666667,Female,41,0.410248743,0.869169993,0.379922303,2,0.624546148,2,Original,
Original_Study1_1041,69.06351603,27.92107757,1,4.4,Female, ,0.651624534,0.410061062,0.174621863,1,0.292341463,2,Original,
Original_Study1_1042,59.89432511,41.4575434,1,4.4,Male, ,0.54362813,0.890938281,0.877680413,2,0.884309347,2,Original,
Original_Study1_1043,49.18427388,22.11474308,1,4.133333333,Female,52,0.168624245,0.195751197,0.534365126,1,0.365058162,2,Original,
Original_Study1_1044,22.08706945,15.39305344,1,4.133333333,Male,44,0.800585313,0.941577288,0.889111759,3,0.915344524,2,Original,
Original_Study1_1045,56.03287539,31.44232223,1,4.8,Male, ,0.213885223,0.425331847,0.323238057,2,0.374284952,2,Original,
Original_Study1_1046,38.20504991,54.02877278,1,2.533333333,Female, ,0.278763462,0.72924268,0.097592495,2,0.413417588,2,Original,
Original_Study1_1047,54.75005995,26.76401687,1,4.133333333,Male,46,0.529059279,0.518339997,0.124978877,1,0.321659437,2,Original,
Original_Study1_1048,54.76185905,20.94042213,1,5.066666667,Female,48,0.554398838,0.884334841,0.969006394,1,0.926670618,2,Original,
Original_Study1_1049,49.87112735,19.63390672,1,3.133333333,Female,45,0.361680287,0.710338943,0.172097737,1,0.44121834,2,Original,
Original_Study1_1050,53.55524499,30.68942306,1,3.8,Female,46,0.279210109,0.528806234,0.120691569,2,0.324748902,2,Original,
Original_Study1_1051,55.39852243,38.32111896,1,4.866666667,Female, ,0.311572514,0.250372378,0.028361732,2,0.139367055,2,Original,
Original_Study1_1052,38.88046242,15.53681824,1,5.2,Female, ,0.84162888,0.806981875,0.880245805,3,0.84361384,2,Original,
Original_Study1_1053,54.1155528,24.02366408,1,2.933333333,Female,44,0.306669191,0.538978388,0.270157955,1,0.404568172,2,Original,
Original_Study1_1054,55.09679958,32.10982315,1,4.333333333,Female,47,0.144922644,0.537722735,0.723376206,2,0.630549471,2,Original,
Original_Study1_1055,52.58549996,24.9615261,1,6.133333333,Male,49,0.601214442,0.580828839,0.878389429,1,0.729609134,2,Original,
Original_Study1_1056,55.41666858,31.99866097,1,3.466666667,Female, ,0.427393591,0.531853207,0.388884484,2,0.460368846,2,Original,
Original_Study1_1057,57.14384422,52.87956116,1, ,, ,0.023789958,0.557736079,0.470850327,2,0.514293203,2,Original,
Original_Study1_1058,32.6986447,16.82468759,1,4.6,Female, ,0.710994056,0.72734393,0.969197037,3,0.848270484,2,Original,
Original_Study1_1059,27.59545236,23.18634376,1,4.666666667,Male,41,0.102189465,0.771196972,0.866311416,3,0.818754194,2,Original,
Original_Study1_1060,29.06367292,19.55801701,1,3.4,Male,54,0.768920038,0.911162933,0.714576135,3,0.812869534,2,Original,
Original_Study1_1061,31.7843397,13.77574374,1,4.5333,Male, ,0.31261923,0.497273333,0.966440487,3,0.73185691,2,Original,
Original_Study1_1062,16.73855987,14.80391661,1,4.533333333,Male,52,0.938457784,0.958272576,0.979682636,3,0.968977606,2,Original,
Original_Study1_1063,47.92512472,18.27000956,1,4.86666,Female, ,0.407052598, , ,1, ,2,Original,
Original_Study1_1064,46.12559369,7.275072109,1,5.06666,Male, ,0.905952474, , ,1, ,2,Original,
Original_Study1_1065,49.42832053,26.31430193,1,2.9333,Male, ,0.177950086,0.856222062,0.26839116,1,0.562306611,2,Original,
Original_Study1_1066,35.53729562,8.709049318,1,4.666666667,Female,41,0.721412872,0.671345586,0.895808516,3,0.783577051,2,Original,
Original_Study1_1067,54.73,34.66004224,1,3.53333,Female, ,0.46363967,0.830895298,0.359912062,2,0.59540368,2,Original,
Original_Study1_1068,63.75,24.58698812,1,3.86666,Male, ,0.684395177,0.702651604,0.075345643,1,0.388998624,2,Original,
Original_Study1_1069,39.45,15.31812801,1,5.8,Male, ,0.592426591,0.7322593,0.955561396,3,0.843910348,2,Original,
Original_Study1_1070,49.09,17.03567979,1,5.6,Male, ,0.025104732,0.731621485,0.875450739,1,0.803536112,2,Original,
Original_Study1_1071,47.87,12.09132139,1,4.933333,Female, ,0.826977146,0.977464646,0.232651146,1,0.605057896,2,Original,
Original_Study1_1072,45.62,40.58600396,1,4.733333,Female, ,0.255259295,0.437774585,0.560630583,2,0.499202584,2,Original,
Original_Study1_1073,65.28,36.37281928,1,4.133333333,Female,49,0.307161237,0.178741808,0.164648233,2,0.171695021,2,Original,
Original_Study1_1074,50.32,31.08603337,1,4.93333,Male, ,0.194605709,0.863384083,0.09943469,2,0.481409387,2,Original,
Original_Study1_1075,38.39,35.60436094,1,1.933333,Male, ,0.311039649,0.860595379,0.758112613,2,0.809353996,2,Original,
Original_Study1_1076,17.31,20.04761301,1,5.33333,Male, ,0.808177413,0.789534431,0.871785382,3,0.830659907,2,Original,
Original_Study1_1077,43.98,34.50824627,1,1.66666,Female, ,0.082356994,0.418840833,0.940319932,2,0.679580383,2,Original,
Original_Study1_1078,17.29,7.414827951,1,5.133333333,Female,45,0.924937172,0.911237061,0.943915269,3,0.927576165,2,Original,
Original_Study1_1079,56.2,33.02379526,1,3.4,Female, ,0.180335153,0.143743655,0.810639536,2,0.477191596,2,Original,
Original_Study1_1080,51.95,28.97481235,1,2.9333,Female, ,0.176538472,0.238640746,0.698168013,1,0.46840438,2,Original,
Original_Study1_1102,44.9236335,28.87561193,1,4.4,Female,51,0.32218722,0.724983656,0.304543727,1,0.514763692,2,Original,
Original_Study1_1103,53.17373154,35.62640613,1,3.866666667,Female,50,0.401944019,0.51098972,0.342251669,2,0.426620695,2,Original,
Original_Study1_1104,55.19632366,17.53079337,1,3.8,Male,50,0.486912138,0.781362909,0.896071233,1,0.838717071,2,Original,
Original_Study1_1105,21.46899195,10.73991153,1,4.4,Male,48,0.882670121,0.975700711,0.971465313,3,0.973583012,2,Original,
Original_Study1_1106,55.27919647,29.37610175,1,4.466666667,Female,46,0.148406619,0.745599208,0.660960969,1,0.703280089,2,Original,
Original_Study1_1107,63.26695605,22.72474644,1,2.8,Female,47,0.002504729,0.587719085,0.867908504,1,0.727813795,2,Original,
Original_Study1_1108,31.6837969,11.37942145,1,5.133333333,Female,51,0.735628183,0.831984869,0.899020568,3,0.865502719,2,Original,
Original_Study1_1109,50.0866237,16.27798149,1,4.533333333,Male,52,0.393789786,0.681571098,0.952004649,1,0.816787874,2,Original,
Original_Study1_1110,59.34420109,20.67377539,1,5.2,Female,48,0.149074416,0.724078588,0.367234211,1,0.5456564,2,Original,
Original_Study1_1111,23.32532268,12.07899916,1,3.533333333,Male,51,0.817963372,0.873734323,0.787320594,3,0.830527459,2,Original,
Original_Study1_1112,65.71674511,46.71496409,1, ,,51,0.013531162,0.187217788,0.318669576,2,0.252943682,2,Original,
Original_Study1_1113,53.39346302,35.32638949,1,2.6,Female, , , , ,2, ,2,Original,
Original_Study1_1114,45.55216718,28.71926973,1,4.2,Female,45,0.027811948,0.805323569,0.770481756,1,0.787902663,2,Original,
Original_Study1_1115,46.41551055,15.70106754,1,5.2,Female,46,0.082182057,0.686754817,0.82351831,1,0.755136564,2,Original,
Original_Study1_1116,56.92602031,41.5941092,1,4.133333333,Female,51,0.568448963,0.310495573,0.939581083,2,0.625038328,2,Original,
Original_Study1_1117,20.4521953,16.10467395,1,5.733333333,Male,49,0.094788289,0.780674729,0.944005405,3,0.862340067,2,Original,
Original_Study1_1118,27.46152477,19.1453892,1,3.666666667,Male,52,0.881055223,0.895667889,0.890377209,3,0.893022549,2,Original,
Original_Study1_1119,54.8634134,40.22937255,1,5.066666667,Female,35,0.393287035,0.420701565,0.586158769,2,0.503430167,2,Original,
Original_Study1_1120,40.54925474,39.43201553,1,5.466666667,Female,45,0.734442652,0.783078938,0.261727963,2,0.522403451,2,Original,
Original_Study1_1121,60.88684241,14.11935722,1,5.2,Male,46,0.251981213,0.792842793,0.844313294,1,0.818578044,2,Original,
Original_Study1_1122,32.68813796,20.23043506,1,5.4,Female,44,0.237621663,0.900997263,0.024548506,3,0.462772885,2,Original,
Original_Study1_1123,49.31738138,20.06017202,1,3.466666667,Female, ,0.525829939,0.440301747,0.397882107,1,0.419091927,2,Original,
Original_Study1_1124,63.94444233,40.11473399,1,4.666666667,Female,40,0.146397172,0.648067814,0.586860563,2,0.617464189,2,Original,
Original_Study1_1125,41.92705429,22.40181711,1, ,Male,44,0.511718444,0.834066419,0.857612186,1,0.845839303,2,Original,
Original_Study1_1126,55.03643991,44.44595988,1,2.133333333,Female,46,0.59358223,0.224532746,0.523353327,2,0.373943037,2,Original,
Original_Study1_1127,48.50234793,25.65529031,1,3.066666667,Female,49,0.409250839,0.490719431,0.24541257,1,0.368066001,2,Original,
Original_Study1_1128,38.1644721,5.883999165,1,6,Female,49,0.878916976,0.970839198,0.941767392,3,0.956303295,2,Original,
Original_Study1_1129,45.0663268,24.63915097,1,5.266666667,Male,43,0.486624176,0.295904954,0.110268517,1,0.203086736,2,Original,
Original_Study1_1130,30.59136758,16.91855291,1,5.733333333,Male,44,0.440209423,0.752208447,0.970838656,3,0.861523552,2,Original,
Original_Study1_1131,62.08474116,44.58120507,1,3.6,Male, ,0.224313202,0.669911971,0.154731827,2,0.412321899,2,Original,
Original_Study1_1132,41.25832922,20.388315,1,5.666666667,Male,48,0.564767686,0.546916249,0.669478507,1,0.608197378,2,Original,
Original_Study1_1133,54.33451949,15.79837249,1,2.8,Male,54,0.489721118,0.888109934,0.788215108,1,0.838162521,2,Original,
Original_Study1_1134,48.29118238,57.33305818,1,5,Female,45,0.158989504,0.207451362,0.047820509,2,0.127635936,2,Original,
Original_Study1_1135,36.96998561,22.72564489,1,5.2,Female,45,0.601300694,0.694759532,0.816179969,3,0.755469751,2,Original,
Original_Study1_1136,45.43090681,38.52470734,1,2.533333333,Female,49,0.631307315,0.173008151,0.275274607,2,0.224141379,2,Original,
Original_Study1_1137,59.73787708,21.55834165,1,4.4,Female,48,0.410108107,0.452350334,0.897349531,1,0.674849933,2,Original,
Original_Study1_1138,41.72527662,21.95451539,1,3.333333333,Male, ,0.290372616,0.137833297,0.914305918,1,0.526069608,2,Original,
Original_Study1_1139,49.30253362,25.70020116,1,4.133333333,Male,54,0.361750451,0.832193287,0.968673199,1,0.900433243,2,Original,
Original_Study1_1140,42.88946389,18.34506384,1,5.6,Male, ,0.283119471,0.824759737,0.213635202,1,0.51919747,2,Original,
Original_Study1_1141,62.69560666,16.00591798,1,2.933333333,Male,47,0.436882307,0.647297429,0.907912171,1,0.7776048,2,Original,
Original_Study1_1142,52.11581305,16.96457432,1,4.133333333,Male,47,0.413136662,0.81064134,0.845752191,1,0.828196766,2,Original,
Original_Study1_1143,49.282268,7.776895395,1,5.133333333,Female,54,0.682842275,0.756318118,0.909045118,1,0.832681618,2,Original,
Original_Study1_1144,29.20921732,12.87735623,1,3.8,Male,45,0.820677721,0.856107468,0.972579299,3,0.914343384,2,Original,
Original_Study1_1145,49.98054186,11.71072709,1,4.866666667,Male,52,0.909316877,0.863224744,0.919681086,1,0.891452915,2,Original,
Original_Study1_1146,31.70187482,19.0489316,1,1.8,Female,50,0.16577828,0.795365363,0.931024339,3,0.863194851,2,Original,
Original_Study1_1147,18.55554237,6.682463863,1,3.6,Male,52,0.842241673,0.665216966,0.91168644,3,0.788451703,2,Original,
Original_Study1_1148,55.6623337,27.09059194,1,4.933333333,Male,43,0.229608893,0.264035161,0.419261006,1,0.341648084,2,Original,
Original_Study1_1149,52.20189756,16.98157436,1,3.933333333,Female, ,0.268546402,0.538508426,0.393022466,1,0.465765446,2,Original,
Original_Study1_1150,53.87004179,35.26898137,1,4.466666667,Female,42,0.109633101,0.038434327,0.415181244,2,0.226807786,2,Original,
Original_Study1_1151,41.92974147,14.04801585,1,3.533333333,Female,51,0.373322079,0.734084351,0.442854344,1,0.588469348,2,Original,
Original_Study1_2001,38.178241,17.31656101,2,5,Female,51,0.663347028,0.709568889,0.956622465,3,0.833095677,2,Original,
Original_Study1_2002,69.59390435,21.92363604,2,4.066666667,Female,41,0.56324389,0.035124491,0.72863753,1,0.381881011,2,Original,
Original_Study1_2003,54.19199469,35.82015963,2,4.466666667,Male,39,0.098029714,0.723537907,0.493367665,2,0.608452786,2,Original,
Original_Study1_2004,46.28096046,32.34245711,2,4.533333333,Female,41,0.298838639,0.44688504,0.452121511,2,0.449503276,2,Original,8
Original_Study1_2005,41.65710667,27.88319832,2,4.533333333,Female,39,0.531357841,0.62166015,0.958527503,1,0.790093827,2,Original,30
Original_Study1_2007,23.18709592,12.60772758,2,5.266666667,Male,53,0.837042291,0.517805015,0.43527121,3,0.476538113,2,Original,66
Original_Study1_2009,47.36405582,24.04290538,2,4.866666667,Female,43,0.472341881,0.942055277,0.857856268,1,0.899955773,2,Original,50
Original_Study1_2010,32.97249988,15.3504804,2,6.2,Female,48,0.873039991,0.963023272,0.922825972,3,0.942924622,2,Original,40
Original_Study1_2011,60.56413537,28.51887679,2,3.4,Female,44,0.123350502,0.548085986,0.562056299,1,0.555071143,2,Original,42
Original_Study1_2012,33.04537871,15.37099407,2,4.066666667,Male,47,0.489499224,0.924412326,0.851212904,3,0.887812615,2,Original,34
Original_Study1_2013,44.89655758,38.83009084,2,3.733333333,Female,43,0.090486547,0.448927291,0.140182458,2,0.294554875,2,Original,
Original_Study1_2014,39.40075315,18.71397832,2,3.666666667,Female,45,0.407055345,0.78680725,0.712180379,3,0.749493815,2,Original,28
Original_Study1_2015,43.39923305,7.186692538,2,6,Female,52,0.858454187,0.664910925,0.517449559,1,0.591180242,2,Original,14
Original_Study1_2016,52.54521643,10.9547886,2,4.2,Male,50,0.019181143,0.846566623,0.26987389,1,0.558220257,2,Original,76
Original_Study1_2017,45.00448883,8.156354759,2,5,Male,52,0.545173167,0.948954784,0.919235935,1,0.93409536,2,Original,30
Original_Study1_2018,60.95663718,30.00691444,2,5.2,Female,40,0.164272358,0.807930573,0.165779921,2,0.486855247,2,Original,42
Original_Study1_2019,62.9584667,39.14231162,2,4.2,Female,41,0.623335464,0.360582628,0.800140196,2,0.580361412,2,Original,
Original_Study1_2021,34.06310722,16.34257279,2,4.6,Male,48,0.147963361,0.640483738,0.082850592,3,0.361667165,2,Original,6
Original_Study1_2022,46.12770337,34.17859178,2,2.466666667,Male,53,0.486415575,0.541963856,0.861127933,2,0.701545895,2,Original,40
Original_Study1_2023,65.97880196,15.94994847,2,3.666666667,Female,49,0.312930195,0.778125231,0.803970196,1,0.791047714,2,Original,12
Original_Study1_2024,59.86098235,37.29024327,2,4.2,Female,42,0.482615262,0.484160291,0.739762879,2,0.611961585,2,Original,4
Original_Study1_2025,12.07163162,7.534126446,2,5.4,Male,46,0.788171606,0.419402225,0.559417979,3,0.489410102,2,Original,46
Original_Study1_2026,27.0339196,14.00235876,2,5.333333333,Male,50,0.915765939,0.754716933,0.690280501,3,0.722498717,2,Original,72
Original_Study1_2027,65.04202062,30.38655084,2,2.4,Female,51,0.221717159,0.941832611,0.877814428,2,0.90982352,2,Original,18
Original_Study1_2028,42.20538625,18.69506599,2,3.8,Male,46,0.579814056,0.811669531,0.961661223,1,0.886665377,2,Original,34
Original_Study1_2029,45.04047131,22.27046557,2,4,Female,45,0.535614777,0.798759998,0.453316008,1,0.626038003,2,Original,6
Original_Study1_2030,28.13067335,12.54988446,2,3.866666667,Male,52,0.838166688,0.391465766,0.995783964,3,0.693624865,2,Original,30
Original_Study1_2031,32.62471506,22.14607922,2,4.666666667,Female,44,0.668704497,0.930403062,0.217813976,3,0.574108519,2,Original,28
Original_Study1_2032,33.0554312,19.55493745,2,4.333333333,Male,51,0.105552861,0.83290741,0.842554828,3,0.837731119,2,Original,8
Original_Study1_2033,51.73098953,43.47165355,2,2.866666667,Male,51,0.227041368,0.474579245,0.383460486,2,0.429019866,2,Original,38
Original_Study1_2034,64.40151429,13.82816769,2,2.933333333,Male,51,0.486514167,0.678695679,0.55826362,1,0.61847965,2,Original,36
Original_Study1_2035,11.14775142,5.117628439,2,5.666666667,Female,49,0.86856736,0.532971806,0.056682408,3,0.294827107,2,Original,66
Original_Study1_2036,55.03744703,19.51401405,2,3.8,Male,45,0.030528756,0.654877454,0.595337504,1,0.625107479,2,Original,30
Original_Study1_2038,48.14145281,15.3332872,2,4.533333333,Female,55,0.423854886,0.817732267,0.91094602,1,0.864339144,2,Original,46
Original_Study1_2039,30.38886762,18.97259755,2,5.4,Female,47,0.672885,0.328637703,0.501946466,3,0.415292085,2,Original,46
Original_Study1_2040,51.05442792,26.36619677,2,3.066666667,Female,48,0.050383915,0.619394704,0.556653322,1,0.588024013,2,Original,20
Original_Study1_2042,28.60892691,8.092534574,2,4.733333333,Male,52,0.775453401,0.684600013,0.787130405,3,0.735865209,2,Original,14
Original_Study1_2043,70.86075566,12.46927172,2,3.8,Female,48,0.43744752,0.59493465,0.76550586,1,0.680220255,2,Original,38
Original_Study1_2044,36.42465919,12.78887156,2,5.2,Male,46,0.72035023,0.719364069,0.941545119,3,0.830454594,2,Original,26
Original_Study1_2045,44.35808374,20.78379304,2,4.466666667,Female,46,0.363885805,0.657390135,0.604335482,1,0.630862809,2,Original,18
Original_Study1_2047,54.2,40.64,2,2.6,Male,48,0.518980632,0.782178859,0.629413013,2,0.705795936,2,Original,42
Original_Study1_2048,60.73,19.3,2,3.266666667,Male,42,0.136965818,0.868615048,0.877611808,1,0.873113428,2,Original,6
Original_Study1_2049,45.14,17.31,2,3.266666667,Male,54,0.443580557,0.821270136,0.08503281,1,0.453151473,2,Original,44
Original_Study1_2051,32.45,6.82,2,5.733333333,Male,51,0.803873393,0.311304529,0.820036357,3,0.565670443,2,Original,48
Original_Study1_2052,62.61,36.78,2,2.733333333,Male,46,0.128326476,0.681675748,0.806109579,2,0.743892664,2,Original,-2
Original_Study1_2053,34.13,20.62,2,2.6,Female,54,0.617497072,0.895733609,0.732823861,3,0.814278735,2,Original,28
Original_Study1_2054,64.3,10.13,2,5.4,Male,46,0.306953495,0.042654961,0.708041188,1,0.375348075,2,Original,72
Original_Study1_2055,19.17,8.44,2,5.6,Male,54,0.827670389,0.677103865,0.822904412,3,0.750004139,2,Original,58
Original_Study1_2056,17.73,9.86,2,5.8,Female,54,0.964063205,0.490372158,0.872171018,3,0.681271588,2,Original,64
Original_Study1_2057,53.86,47.79,2,4.866666667,Male,45,0.201963993,0.830358235,0.923980568,2,0.877169402,2,Original,26
Original_Study1_2058,27.32,12.81,2,6.333333333,Male,47,0.963645311,0.960751237,0.966104127,3,0.963427682,2,Original,52
Original_Study1_2059,56.33,31.34,2,5,Female,43,0.571653364,0.823067374,0.1820709,2,0.502569137,2,Original,24
Original_Study1_2060,65.88,27.76,2,5.6,Male,49,0.395598387,0.900938262,0.94995305,1,0.925445656,2,Original,58
Original_Study1_2061,43.23,34.39,2,5,Female,46,0.628813081,0.485953415,0.637968551,2,0.561960983,2,Original,24
Original_Study1_2062,13.15,3.86,2,5.133333333,Male,51,0.871319934,0.795661275,0.85452397,3,0.825092623,2,Original,-4
Original_Study1_2063,37.03,8.56,2,2.866666667,Male,53,0.922075391,0.708692693,0.574112516,3,0.641402605,2,Original,32
Original_Study1_2064,51.94,23.05,2,5,Male,53,0.323212253,0.982584509,0.966254262,1,0.974419386,2,Original,20
Original_Study1_2065,56.13,16.65,2,4.466666667,Female,49,0.617010077,0.989580779,0.635037233,1,0.812309006,2,Original,34
Original_Study1_2066,52.67,15.44,2,3.933333333,Female,50,0.113091616,0.281947081,0.91249518,1,0.597221131,2,Original,-34
Original_Study1_2067,35.98,15.6,2,5.333333333,Male,46,0.803166541,0.555566553,0.640735202,3,0.598150878,2,Original,34
Original_Study1_2068,56.02,29.27,2,5.333333333,Female,44,0.018055967,0.645459961,0.201851202,1,0.423655582,2,Original,52
Original_Study1_2069,54.34,18.32,2,3.133333333,Male,44,0.483823158,0.683057496,0.983082936,1,0.833070216,2,Original,18
Original_Study1_2070,46.55,29.08,2,3.266666667,Female,52,0.332481031,0.13724923,0.858237909,1,0.49774357,2,Original,56
Original_Study1_2071,29.85,16.06,2,3.666666667,Female,50,0.285472984,0.773978915,0.790773443,3,0.782376179,2,Original,-4
Original_Study1_2072,42.66,39.86,2,4.533333333,Male,48,0.464379551,0.288469593,0.243121236,2,0.265795415,2,Original,18
Original_Study1_2073,45.97,15.15,2,3.666666667,Male,51,0.502128742,0.6824605,0.736195386,1,0.709327943,2,Original,22
Original_Study1_2074,49.16,13.71,2,4.866666667,Female,47,0.609579201,0.735584316,0.337219323,1,0.53640182,2,Original,30
Original_Study1_2075,59.68,24.26,2,4.2,Female,52,0.775762549,0.049086832,0.837866856,1,0.443476844,2,Original,32
Original_Study1_2076,41.72,23.25,2,3.466666667,Female,43,0.508254557,0.869543094,0.908765134,1,0.889154114,2,Original,28
Original_Study1_4002,55.03840767,18.76424352,3, ,,48,0.137852876,0.412960232,0.80948858,1,0.611224406,2,Original,-16
Original_Study1_4003,52.03979303,37.54998729,3,3.2,Female,39,0.465335333,0.461084329,0.650235633,2,0.555659981,2,Original,38
Original_Study1_4004,35.51492606,17.97521665,3,2.8,Female,48,0.613168417,0.775283493,0.307213398,3,0.541248446,2,Original,50
Original_Study1_4005,49.08093105,14.04964322,3,3,Female,43,0.591035781,0.531264772,0.483989382,1,0.507627077,2,Original,34
Original_Study1_4006,32.95097148,18.32224011,3,4.333333333,Male,49,0.286303291,0.217712369,0.843852148,3,0.530782259,2,Original,-4
Original_Study1_4007,7.906232154,5.144457799,3,5.333333333,Male,44,0.904553755,0.137737126,0.954288225,3,0.546012676,2,Original,
Original_Study1_4008,12.85241551,7.06894698,3,5.933333333,Male,47,0.892687855,0.28114292,0.653325634,3,0.467234277,2,Original,
Original_Study1_4009,63.0246759,32.98158614,3,2.133333333,Female,41,0.443352153,0.988581062,0.928399874,2,0.958490468,2,Original,
Original_Study1_4010,58.87185838,17.83269805,3,5.2,Female,41,0.165799155,0.93600255,0.884132369,1,0.91006746,2,Original,
Original_Study1_4011,49.95231837,23.32079113,3,3.066666667,Female,47,0.477017654,0.311388396,0.234990372,1,0.273189384,2,Original,
Original_Study1_4012,54.61446656,42.26858531,3,3.8,Female,34,0.128687409,0.741376026,0.402589052,2,0.571982539,2,Original,
Original_Study1_4013,48.29246125,26.80662742,3,5.333333333,Male,42,0.171212532,0.758903312,0.949147386,1,0.854025349,2,Original,
Original_Study1_4014,42.81289609,25.81864172,3,2.8,Female,46,0.61664099,0.39775377,0.498109051,1,0.447931411,2,Original,
Original_Study1_4015,58.07716305,24.24237507,3,4.866666667,Female,50,0.283570577,0.860828801,0.213999986,1,0.537414394,2,Original,
Original_Study1_4016,60.12152082,21.7921805,3,3.6,Female,47,0.277233119,0.78171156,0.893263478,1,0.837487519,2,Original,
Original_Study1_4017,33.5109653,16.58631408,3,3.733333333,Female,44,0.594252761,0.777181132,0.35877296,3,0.567977046,2,Original,
Original_Study1_4018,63.6280958,33.64623185,3,4.933333333,Male,41,0.298767581,0.33352873,0.738539714,2,0.536034222,2,Original,
Original_Study1_4019,54.27032402,23.14088375,3,5.133333333,Male,45,0.893738006,0.738663734,0.684921322,1,0.711792528,2,Original,
Original_Study1_4020,54.43193361,26.39582978,3,4.066666667,Female,39,0.219994773,0.208268669,0.96456541,1,0.58641704,2,Original,
Original_Study1_4021,57.82169259,44.43281213,3,4.933333333,Female,40,0.616333234,0.691907475,0.844429027,2,0.768168251,2,Original,
Original_Study1_4022,55.5831962,14.84730594,3,5.266666667,Female,47,0.57818432,0.791221336,0.251504279,1,0.521362808,2,Original,
Original_Study1_4023,38.719635,17.8778105,3,5.133333333,Female,47,0.452411804,0.713459763,0.974501316,3,0.84398054,2,Original,
Original_Study1_4024,54.80090376,21.28809855,3,5.2,Male,45,0.644174086,0.438469342,0.478411287,1,0.458440315,2,Original,
Original_Study1_4025,23.10815804,18.3172788,3,4.933333333,Female,41,0.930422098,0.49531071,0.975707053,3,0.735508882,2,Original,
Original_Study1_4026,24.60087034,5.195952808,3,5.866666667,Female,44,0.863072935,0.822052993,0.711576625,3,0.766814809,2,Original,
Original_Study1_4028,51.50974259,49.73517944,3,3.466666667,Female,44,0.349243088,0.882615676,0.927923708,2,0.905269692,2,Original,
Original_Study1_4029,59.72618051,15.5265479,3,4.266666667,Male,52,0.337598193,0.840382949,0.825668677,1,0.833025813,2,Original,
Original_Study1_4030,23.22251794,4.22622063,3,5.133333333,Male,47,0.84630157,0.379287366,0.108786572,3,0.244036969,2,Original,
Original_Study1_4031,29.73147883,21.88658963,3,5.466666667,Male,51,0.265402183,0.268877509,0.795579911,3,0.53222871,2,Original,
Original_Study1_4032,38.69515513,20.93334542,3,3.4,Female,49,0.802739024,0.956976645,0.932161673,3,0.944569159,2,Original,
Original_Study1_4033,54.38043319,16.69225403,3,4.666666667,Female,40,0.06100707,0.358231197,0.670918487,1,0.514574842,2,Original,
Original_Study1_4034,61.10404378,20.71455459,3,3.266666667,Female,53,0.487217593,0.532737028,0.933668403,1,0.733202716,2,Original,
Original_Study1_4035,35.67849397,11.52402,3,5.666666667,Male,47,0.646695898,0.206847333,0.914321817,3,0.560584575,2,Original,
Original_Study1_4036,63.52497643,35.73529418,3,2,Female,51,0.101210762,0.10425279,0.419034407,2,0.261643599,2,Original,
Original_Study1_4037,57.3770059,28.88476113,3,4.733333333,Female,47,0.750836806,0.73146394,0.63064482,1,0.68105438,2,Original,
Original_Study1_4038,36.53730683,17.09612963,3,4.466666667,Female,42,0.121801557,0.403647095,0.152261565,3,0.27795433,2,Original,
Original_Study1_4039,37.32520618,24.12146858,3,5.933333333,Male,52,0.718596456,0.373234588,0.777047804,3,0.575141196,2,Original,
Original_Study1_4040,52.27357978,27.10952324,3,5.533333333,Male,50,0.029269094,0.481229788,0.872077517,1,0.676653653,2,Original,
Original_Study1_4041,40.80331696,16.41085112,3,5.066666667,Male,49,0.592667437,0.914487529,0.906451241,1,0.910469385,2,Original,
Original_Study1_4042,32.44396679,8.807657825,3,4.666666667,Male,51,0.795595613,0.71793653,0.991307008,3,0.854621769,2,Original,
Original_Study1_4043,40.74354454,17.20889407,3,4.333333333,Male,49,0.502227202,0.590609181,0.876817144,1,0.733713163,2,Original,
Original_Study1_4044,52.29802912,37.94761171,3,2.866666667,Female,49,0.364333563,0.93063595,0.794501427,2,0.862568689,2,Original,
Original_Study1_4045,46.31463463,7.080554874,3,3.533333333,Female,48,0.428384997,0.37290157,0.929344286,1,0.651122928,2,Original,
Original_Study1_4046,57.98179517,18.91797387,3,4.466666667,Female,48,0.259615445,0.652493779,0.112041208,1,0.382267494,2,Original,
Original_Study1_4047,62.65782853,77.27209089,3,4.933333333,Female,50,0.340613846,0.873142295,0.884600017,2,0.878871156,2,Original,
Original_Study1_4050,41.34221786,25.76757229,3,4.2,Male,45,0.48590985,0.666998751,0.005488601,1,0.336243676,2,Original,
Original_Study1_al_1,45.32,29.2,0,4.933333333,Male, ,0.321670075,0.727779442,0.641715591,1,0.684747517,2,Original,
Original_Study1_al_2,53.51,46.71,0,4.533333333,Female, ,0.213397196,0.020522802,0.441295387,2,0.230909095,2,Original,
Original_Study1_al_3,75.07,12.95,0,4.266666667,Female, ,0.406674845,0.599065234,0.927170725,1,0.76311798,2,Original,
Original_Study1_al_4,20.97,11.83,0,4.2,Female, ,0.937156135,0.969228071,0.911657891,3,0.940442981,2,Original,
Original_Study1_al_5,41.45,10.65,0,5.533333333,Female, ,0.746601408,0.962052447,0.348784386,3,0.655418417,2,Original,
Original_Study1_al_6,51.65,22.98,0,4.533333333,Male, ,0.516240633,0.636700056,0.735622105,1,0.686161081,2,Original,
Original_Study1_al_7,50.31,27.26,0,4.4,Male, ,0.038862397,0.137848543,0.241486034,1,0.189667289,2,Original,
Original_Study1_al_8,47.37,36.52,0,4.066666667,Male, ,0.557709434,0.057886905,0.801499465,2,0.429693185,2,Original,
Original_Study1_al_9,54.32,44.19,0,4.4,Female, ,0.663707235,0.40554953,0.379276163,2,0.392412847,2,Original,
Original_Study1_l_10,48.61,28.81,0,4,Female, ,0.234618761,0.020875103,0.434673296,1,0.2277742,2,Original,
Original_Study1_l_11,69.09,22.7,0,3.733333333,Male, ,0.109291416,0.73847396,0.819668746,1,0.779071353,2,Original,
Original_Study1_l_12,53.65,30.84,0,4.866666667,Male, ,0.407017352,0.438226861,0.785801688,2,0.612014275,2,Original,
Original_Study1_l_13,58.86,12.05,0,4.4,Male, ,0.678417116,0.607372889,0.861834965,1,0.734603927,2,Original,
Original_Study1_l_14,41.98,23.26,0,3.333333333,Female, ,0.606839221,0.546707776,0.782175333,1,0.664441555,2,Original,
Original_Study1_l_15,59.82495045,36.07234222,0,5.33,Male, ,0.22807557,0.385414815,0.121713722,2,0.253564269,2,Original,
Original_Study1_l_16,45.87041305,19.90341242,0,5.6,Male, ,0.019313264,0.855253798,0.910386644,1,0.882820221,2,Original,
Original_Study1_l_17,57.37217873,29.73168626,0,4.6,Female, ,0.452501805,0.440518282,0.862975704,2,0.651746993,2,Original,
Original_Study1_l_18,31.60004851,11.37696912,0,4,Male, ,0.816772253,0.960818215,0.721342924,3,0.84108057,2,Original,
Original_Study1_l_19,38.09080448,12.88325147,0,3.87,Female, ,0.071295566,0.777047097,0.95927816,3,0.868162629,2,Original,
Original_Study1_l_20,25.42331669,14.46950942,0,5.67,Female, ,0.63692267,0.946901636,0.819375473,3,0.883138555,2,Original,
Original_Study1_l_21,46.75035584,30.08022868,0,5.47,Female, ,0.303786673,0.11886802,0.291910538,1,0.205389279,2,Original,
Original_Study1_l_22,62.10463431,33.52653834,0,5,Female, ,0.366149704,0.13991731,0.787160658,2,0.463538984,2,Original,
Original_Study1_l_23,56.7246106,36.51226761,0,5.13,Female, ,0.382420558,0.804706921,0.257228599,2,0.53096776,2,Original,
Original_Study1_l_24,48.12472896,22.8853842,0,3.8,Female, ,0.303585338,0.633169139,0.861797694,1,0.747483417,2,Original,
Original_Study1_l_25,41.01609106,46.23238215,0,3.47,Female, ,0.291256557,0.829137637,0.030994295,2,0.430065966,2,Original,
Original_Study1_l_26,62.06997032,35.10279501,0,4,Female, ,0.24393164,0.800837862,0.259186741,2,0.530012302,2,Original,
Original_Study1_l_27,52.16584965,22.22413795,0,4.93,Female, ,0.495011965,0.362083353,0.77288803,1,0.567485692,2,Original,
Original_Study1_l_28,17.23311537,6.791957465,0,5.47,Female, ,0.90664985,0.928753925,0.757164473,3,0.842959199,2,Original,
Original_Study1_l_29,24.84958242,7.891004335,0,5.33,Male, ,0.758129049,0.965957596,0.657650946,3,0.811804271,2,Original,
Original_Study1_l_30,37.96482493,46.53131192,0,4.07,Female, ,0.424745639,0.554639233,0.070736479,2,0.312687856,2,Original,
Original_Study1_l_31,27.71418607,7.065229395,0,5,Female, ,0.952920211,0.912370148,0.89119187,3,0.901781009,2,Original,
Original_Study1_l_32,48.44764337,24.04104519,0,3.6,Female, ,0.547137311,0.238824341,0.90616029,1,0.572492316,2,Original,
Original_Study1_l_33,55.02730886,32.47361855,0,3.67,Female, ,0.504879458,0.669004801,0.724727099,2,0.69686595,2,Original,
Original_Study1_l_34,56.84653271,36.16901368,0,5.266666667,Male, ,0.546686435,0.49640373,0.71308145,2,0.60474259,2,Original,
Original_Study1_l_35,67.65566039,43.07018787,0,3.733333333,Female, ,0.349289745,0.674904141,0.179608051,2,0.427256096,2,Original,
Original_Study1_l_36,54.27615799,21.75919989,0,2.6,Male, ,0.104485948,0.852208364,0.005381562,1,0.428794963,2,Original,
Original_Study1_l_37,57.92121142,18.17652891,0,4.133333333,Female, ,0.34481626,0.727353879,0.654130114,1,0.690741997,2,Original,
Original_Study1_l_38,64.30408455,44.64576194,0,2.4,Female, ,0.073991029,0.059134134,0.242886644,2,0.151010389,2,Original,
Original_Study1_l_39,19.56364892,7.617915413,0,4,Male, ,0.895525771,0.755010046,0.903090192,3,0.829050119,2,Original,
Original_Study1_l_40,49.3861473,19.08686487,0,4.266666667,Male, ,0.848842747,0.577652759,0.843484467,1,0.710568613,2,Original,
Original_Study1_l_41,50.02363334,18.8617695,0,4.6,Male, ,0.747900387,0.766725682,0.792480372,1,0.779603027,2,Original,
Original_Study1_l_42,56.23082829,24.80624806,0,4.066666667,Female, ,0.143424585,0.506271612,0.842473953,1,0.674372783,2,Original,
Original_Study1_l_43,56.80755238,6.839923725,0,3.866666667,Male, ,0.703296904,0.954981347,0.942209986,1,0.948595667,2,Original,
Original_Study1_l_44,23.85172221,9.563704462,0,5.466666667,Male, ,0.917262538,0.748992045,0.910665691,3,0.829828868,2,Original,
Original_Study1_l_45,33.81993246,18.94990221,0,5.2,Male, ,0.60349045,0.675357316,0.933771874,3,0.804564595,2,Original,
Original_Study1_l_46,45.13465385,22.38192937,0,4.6,Male, ,0.6820771,0.367945998,0.858423791,1,0.613184895,2,Original,
Original_Study1_l_47,51.35253146,33.52155284,0,3.067,Male, ,0.267793822,0.098063384,0.845107871,2,0.471585628,2,Original,
Original_Study1_l_48,12.70046804,6.329310353,0,5.666666667,Male, ,0.889267468,0.952044607,0.806169996,3,0.879107302,2,Original,
Original_Study1_l_49,26.80374422,11.63489553,0,6.46667,Male, ,0.459695293,0.294700616,0.587162407,3,0.440931512,2,Original,
