"participant","date","model number","building","x","y","error"
"0001","2020-06-03 17:02:30 UTC","0","Batty House","364","522","419.6057673578856"
"0001","2020-06-03 17:02:30 UTC","0","Lynch Station","307","364","380.2959373961284"
"0001","2020-06-03 17:02:30 UTC","0","Harris Hall","552","326","351.52382565055245"
"0001","2020-06-03 17:02:30 UTC","0","Harvey House","592","132","461.96644899819296"
"0001","2020-06-03 17:02:30 UTC","0","Golledge Hall","335","22","353.2732653343584"
"0001","2020-06-03 17:02:30 UTC","0","Snow Church","140","91","587.1728876574599"
"0001","2020-06-03 17:02:30 UTC","0","Sauer Center","23","226","641.2838685013057"
"0001","2020-06-03 17:02:30 UTC","0","Tobler Museum","27","439","563.6000354861593"
"0002","2020-06-03 19:02:32 UTC","0","Lynch Station","296","33","298.22307087145356"
"0002","2020-06-03 19:02:32 UTC","0","Batty House","230","22","322.03881753602315"
"0002","2020-06-03 19:02:32 UTC","0","Sauer Center","422","422","463.786588853106"
"0002","2020-06-03 19:02:32 UTC","0","Harris Hall","220","426","200.06249023742558"
"0002","2020-06-03 19:02:32 UTC","0","Tobler Museum","546","307","192.4421991144354"
"0002","2020-06-03 19:02:32 UTC","0","Snow Church","82","176","634.6629026499028"
"0002","2020-06-03 19:02:32 UTC","0","Harvey House","560","159","420.7517082555934"
"0002","2020-06-03 19:02:32 UTC","0","Golledge Hall","79","300","485.0834979671026"
"0003","2020-06-18 14:04:28 UTC","0","Batty House","41","439","167.5857989210303"
"0003","2020-06-18 14:04:28 UTC","0","Lynch Station","16","188","64.1248781675256"
"0003","2020-06-18 14:04:28 UTC","0","Harris Hall","258","153","84.72307831990054"
"0003","2020-06-18 14:04:28 UTC","0","Harvey House","393","300","209.82373554962746"
"0003","2020-06-18 14:04:28 UTC","0","Golledge Hall","431","22","300.0833217624732"
"0003","2020-06-18 14:04:28 UTC","0","Sauer Center","651","232","228.4841351166422"
"0003","2020-06-18 14:04:28 UTC","0","Tobler Museum","612","427","327.39273052406037"
"0003","2020-06-18 14:04:28 UTC","0","Snow Church","679","58","151.58495967608397"
"0004","2020-06-24 14:10:57 UTC","0","Tobler Museum","575","191","107.16809226630845"
"0004","2020-06-24 14:10:57 UTC","0","Golledge Hall","489","67","236.22235287965447"
"0004","2020-06-24 14:10:57 UTC","0","Snow Church","337","179","379.8907737758315"
"0004","2020-06-24 14:10:57 UTC","0","Sauer Center","452","279","324.04474999604605"
"0004","2020-06-24 14:10:57 UTC","0","Lynch Station","34","178","58.309518948453004"
"0004","2020-06-24 14:10:57 UTC","0","Harvey House","76","409","230.8679276123039"
"0004","2020-06-24 14:10:57 UTC","0","Batty House","308","461","338.64730915806786"
"0004","2020-06-24 14:10:57 UTC","0","Harris Hall","224","96","130.31116606031887"
"0005","2020-07-02 14:35:58 UTC","0","Lynch Station","376","240","382.03664745675906"
"0005","2020-07-02 14:35:58 UTC","0","Sauer Center","436","52","194.7562579225633"
"0005","2020-07-02 14:35:58 UTC","0","Tobler Museum","169","122","324.0"
"0005","2020-07-02 14:35:58 UTC","0","Golledge Hall","604","372","90.33825324855468"
"0005","2020-07-02 14:35:58 UTC","0","Harvey House","261","465","38.58756276314948"
"0005","2020-07-02 14:35:58 UTC","0","Harris Hall","297","293","105.89145385724005"
"0005","2020-07-02 14:35:58 UTC","0","Batty House","544","274","517.0038684574807"
"0005","2020-07-02 14:35:58 UTC","0","Snow Church","613","147","118.20744477400736"
"0007","2020-07-09 18:15:45 UTC","0","Lynch Station","331","410","428.4355260713098"
"0007","2020-07-09 18:15:45 UTC","0","Tobler Museum","321","126","172.04650534085255"
"0007","2020-07-09 18:15:45 UTC","0","Sauer Center","53","141","587.9455757125825"
"0007","2020-07-09 18:15:45 UTC","0","Harvey House","97","449","200.26232796010336"
"0007","2020-07-09 18:15:45 UTC","0","Harris Hall","194","274","52.392747589718944"
"0007","2020-07-09 18:15:45 UTC","0","Golledge Hall","369","255","198.2952344359289"
"0007","2020-07-09 18:15:45 UTC","0","Snow Church","42","312","682.440473594584"
"0007","2020-07-09 18:15:45 UTC","0","Batty House","585","470","592.087831322347"
"0009","2020-07-14 14:06:19 UTC","0","Batty House","26","516","244.00204917172314"
"0009","2020-07-14 14:06:19 UTC","0","Lynch Station","2","302","178.2806775845324"
"0009","2020-07-14 14:06:19 UTC","0","Harris Hall","242","332","109.38464243210744"
"0009","2020-07-14 14:06:19 UTC","0","Harvey House","371","485","77.0"
"0009","2020-07-14 14:06:19 UTC","0","Tobler Museum","188","176","309.7434422227531"
"0009","2020-07-14 14:06:19 UTC","0","Sauer Center","134","38","492.1077117867591"
"0009","2020-07-14 14:06:19 UTC","0","Golledge Hall","489","164","147.49237268414933"
"0009","2020-07-14 14:06:19 UTC","0","Snow Church","434","16","339.4775397577872"
"0010","2020-07-10 13:32:20 UTC","0","Golledge Hall","316","242","252.79438284898657"
"0010","2020-07-10 13:32:20 UTC","0","Snow Church","182","319","546.0329660377658"
"0010","2020-07-10 13:32:20 UTC","0","Sauer Center","300","448","549.4306143636337"
"0010","2020-07-10 13:32:20 UTC","0","Tobler Museum","457","391","271.39823138701547"
"0010","2020-07-10 13:32:20 UTC","0","Harris Hall","153","181","76.60939890117922"
"0010","2020-07-10 13:32:20 UTC","0","Lynch Station","87","-1","145.7737973711325"
"0010","2020-07-10 13:32:20 UTC","0","Batty House","18","66","206.196508214858"
"0010","2020-07-10 13:32:20 UTC","0","Harvey House","622","256","400.03124877939223"
"0011","2020-07-16 14:10:53 UTC","0","Golledge Hall","245","73","386.3741709793759"
"0011","2020-07-16 14:10:53 UTC","0","Snow Church","96","94","629.8579204868349"
"0011","2020-07-16 14:10:53 UTC","0","Lynch Station","628","92","616.8306088384395"
"0011","2020-07-16 14:10:53 UTC","0","Harvey House","424","292","232.69937687926884"
"0011","2020-07-16 14:10:53 UTC","0","Batty House","635","15","660.0856005095097"
"0011","2020-07-16 14:10:53 UTC","0","Harris Hall","594","289","384.2004685057008"
"0011","2020-07-16 14:10:53 UTC","0","Sauer Center","28","217","633.524269464083"
"0011","2020-07-16 14:10:53 UTC","0","Tobler Museum","103","372","463.24939287601876"
"0012","2020-07-16 16:20:32 UTC","0","Batty House","35","290","19.697715603592208"
"0012","2020-07-16 16:20:32 UTC","0","Lynch Station","89","259","155.4155719353759"
"0012","2020-07-16 16:20:32 UTC","0","Harvey House","541","465","247.80839372386077"
"0012","2020-07-16 16:20:32 UTC","0","Sauer Center","560","346","347.1397413146469"
"0012","2020-07-16 16:20:32 UTC","0","Tobler Museum","290","394","339.40094283899685"
"0012","2020-07-16 16:20:32 UTC","0","Golledge Hall","325","187","260.64727123068064"
"0012","2020-07-16 16:20:32 UTC","0","Snow Church","591","230","127.47548783981962"
"0012","2020-07-16 16:20:32 UTC","0","Harris Hall","429","292","223.94642216387382"
"0013","2020-07-21 14:10:09 UTC","0","Batty House","9","275","18.24828759089466"
"0013","2020-07-21 14:10:09 UTC","0","Lynch Station","137","318","230.7834482799839"
"0013","2020-07-21 14:10:09 UTC","0","Harris Hall","404","394","252.87348615463821"
"0013","2020-07-21 14:10:09 UTC","0","Harvey House","715","374","435.387184009819"
"0013","2020-07-21 14:10:09 UTC","0","Sauer Center","560","36","72.01388754955533"
"0013","2020-07-21 14:10:09 UTC","0","Tobler Museum","225","19","287.1114766079545"
"0013","2020-07-21 14:10:09 UTC","0","Snow Church","429","181","288.00173610587836"
"0013","2020-07-21 14:10:09 UTC","0","Golledge Hall","222","190","356.6020190632689"
"0014","2020-07-21 19:16:30 UTC","0","Lynch Station","6","258","134.13426109685773"
"0014","2020-07-21 19:16:30 UTC","0","Golledge Hall","505","343","78.64477096412705"
"0014","2020-07-21 19:16:30 UTC","0","Snow Church","355","206","361.0013850388943"
"0014","2020-07-21 19:16:30 UTC","0","Harvey House","239","445","68.00735254367721"
"0014","2020-07-21 19:16:30 UTC","0","Batty House","84","473","208.92582415776178"
"0014","2020-07-21 19:16:30 UTC","0","Sauer Center","284","38","342.5930530527436"
"0014","2020-07-21 19:16:30 UTC","0","Tobler Museum","14","27","488.3298065856722"
"0014","2020-07-21 19:16:30 UTC","0","Harris Hall","127","148","117.5925167687128"
"0015","2020-07-22 16:09:34 UTC","0","Batty House","66","52","223.43007854807732"
"0015","2020-07-22 16:09:34 UTC","0","Lynch Station","251","12","263.9412813487121"
"0015","2020-07-22 16:09:34 UTC","0","Golledge Hall","621","411","132.84953895290718"
"0015","2020-07-22 16:09:34 UTC","0","Harvey House","45","469","249.51352668743232"
"0015","2020-07-22 16:09:34 UTC","0","Harris Hall","494","43","333.66150512158276"
"0015","2020-07-22 16:09:34 UTC","0","Snow Church","323","469","473.4395420748039"
"0015","2020-07-22 16:09:34 UTC","0","Sauer Center","459","268","311.0064308016797"
"0015","2020-07-22 16:09:34 UTC","0","Tobler Museum","222","298","323.1361941968123"
"0016","2020-07-23 14:07:15 UTC","0","Tobler Museum","422","222","122.64175471673585"
"0016","2020-07-23 14:07:15 UTC","0","Sauer Center","399","47","229.8695282111137"
"0016","2020-07-23 14:07:15 UTC","0","Snow Church","585","67","190.2761151589973"
"0016","2020-07-23 14:07:15 UTC","0","Golledge Hall","637","292","73.00684899377592"
"0016","2020-07-23 14:07:15 UTC","0","Batty House","30","511","239.0188277102873"
"0016","2020-07-23 14:07:15 UTC","0","Lynch Station","24","350","226.3183598385248"
"0016","2020-07-23 14:07:15 UTC","0","Harris Hall","244","319","97.41663102366043"
"0016","2020-07-23 14:07:15 UTC","0","Harvey House","419","433","135.38463723776047"
"0017","2020-07-23 16:17:58 UTC","0","Batty House","75","484","217.3660507070964"
"0017","2020-07-23 16:17:58 UTC","0","Lynch Station","22","295","171.29214809792072"
"0017","2020-07-23 16:17:58 UTC","0","Harris Hall","296","315","120.34118164618461"
"0017","2020-07-23 16:17:58 UTC","0","Harvey House","431","457","139.83204210766573"
"0017","2020-07-23 16:17:58 UTC","0","Golledge Hall","555","200","91.44397191723465"
"0017","2020-07-23 16:17:58 UTC","0","Snow Church","477","37","292.138665705175"
"0017","2020-07-23 16:17:58 UTC","0","Sauer Center","241","32","384.94804844290354"
"0017","2020-07-23 16:17:58 UTC","0","Tobler Museum","319","161","178.31713322056297"
"0018","2020-07-23 17:16:30 UTC","0","Batty House","57","453","183.4693434882242"
"0018","2020-07-23 17:16:30 UTC","0","Lynch Station","66","311","194.64069461446135"
"0018","2020-07-23 17:16:30 UTC","0","Harris Hall","271","284","80.62257748298549"
"0018","2020-07-23 17:16:30 UTC","0","Harvey House","402","469","109.17875251164945"
"0018","2020-07-23 17:16:30 UTC","0","Golledge Hall","592","304","30.870698080866262"
"0018","2020-07-23 17:16:30 UTC","0","Snow Church","677","152","65.80273550544841"
"0018","2020-07-23 17:16:30 UTC","0","Sauer Center","485","26","141.56623891309678"
"0018","2020-07-23 17:16:30 UTC","0","Tobler Museum","325","19","197.06090429103384"
"0019","2020-07-27 13:56:24 UTC","0","Batty House","26","130","142.00352108310554"
"0019","2020-07-27 13:56:24 UTC","0","Lynch Station","150","7","180.92263539977523"
"0019","2020-07-27 13:56:24 UTC","0","Golledge Hall","464","71","241.66091947189145"
"0019","2020-07-27 13:56:24 UTC","0","Snow Church","335","214","381.1062843879644"
"0019","2020-07-27 13:56:24 UTC","0","Sauer Center","608","245","240.6013300046365"
"0019","2020-07-27 13:56:24 UTC","0","Tobler Museum","598","452","346.30189141845585"
"0019","2020-07-27 13:56:24 UTC","0","Harvey House","207","329","178.61970775925036"
"0019","2020-07-27 13:56:24 UTC","0","Harris Hall","48","465","291.56474409640134"
"0020","2020-07-28 16:04:03 UTC","0","Tobler Museum","20","165","474.9505237390522"
"0020","2020-07-28 16:04:03 UTC","0","Golledge Hall","284","262","281.4977797425763"
"0020","2020-07-28 16:04:03 UTC","0","Snow Church","430","122","297.80026863654774"
"0020","2020-07-28 16:04:03 UTC","0","Sauer Center","199","16","426.1419951143046"
"0020","2020-07-28 16:04:03 UTC","0","Harvey House","684","23","604.6023486557094"
"0020","2020-07-28 16:04:03 UTC","0","Batty House","487","510","517.9227741661879"
"0020","2020-07-28 16:04:03 UTC","0","Lynch Station","443","310","469.4219849985725"
"0020","2020-07-28 16:04:03 UTC","0","Harris Hall","703","227","488.00102458908833"
"0021","2020-07-30 14:07:28 UTC","0","Batty House","62","443","174.54512310574592"
"0021","2020-07-30 14:07:28 UTC","0","Lynch Station","16","288","164.04877323527901"
"0021","2020-07-30 14:07:28 UTC","0","Harris Hall","202","288","63.34824385884742"
"0021","2020-07-30 14:07:28 UTC","0","Harvey House","622","419","334.5743564590687"
"0021","2020-07-30 14:07:28 UTC","0","Sauer Center","302","7","323.0061918911153"
"0021","2020-07-30 14:07:28 UTC","0","Golledge Hall","551","190","101.83319694480774"
"0021","2020-07-30 14:07:28 UTC","0","Snow Church","539","57","230.72277737579356"
"0021","2020-07-30 14:07:28 UTC","0","Tobler Museum","304","184","198.90952717253137"
"0023","2020-08-04 14:25:06 UTC","0","Tobler Museum","586","483","372.7868023414992"
"0023","2020-08-04 14:25:06 UTC","0","Sauer Center","118","458","679.8955802180215"
"0023","2020-08-04 14:25:06 UTC","0","Golledge Hall","564","328","37.0"
"0023","2020-08-04 14:25:06 UTC","0","Snow Church","304","336","432.3251091481965"
"0023","2020-08-04 14:25:06 UTC","0","Harvey House","477","161","372.1088550411022"
"0023","2020-08-04 14:25:06 UTC","0","Lynch Station","594","7","593.6438326134619"
"0023","2020-08-04 14:25:06 UTC","0","Batty House","462","34","495.85179237348734"
"0023","2020-08-04 14:25:06 UTC","0","Harris Hall","694","191","480.2770034053265"
"0024","2020-08-04 16:12:38 UTC","0","Batty House","60","500","230.37577997697588"
"0024","2020-08-04 16:12:38 UTC","0","Lynch Station","8","322","198.04039991880444"
"0024","2020-08-04 16:12:38 UTC","0","Harris Hall","181","298","79.62411694957753"
"0024","2020-08-04 16:12:38 UTC","0","Golledge Hall","420","143","206.49455198624491"
"0024","2020-08-04 16:12:38 UTC","0","Harvey House","279","414","72.56721022610694"
"0024","2020-08-04 16:12:38 UTC","0","Tobler Museum","586","223","137.2953021774598"
"0024","2020-08-04 16:12:38 UTC","0","Snow Church","310","260","409.708432912968"
"0024","2020-08-04 16:12:38 UTC","0","Sauer Center","208","121","432.83368630456664"
"0025","2020-08-05 16:18:35 UTC","0","Tobler Museum","238","285","302.6450065671"
"0025","2020-08-05 16:18:35 UTC","0","Sauer Center","338","388","478.60004178854814"
"0025","2020-08-05 16:18:35 UTC","0","Golledge Hall","5","325","560.033034739916"
"0025","2020-08-05 16:18:35 UTC","0","Snow Church","116","475","657.9513659838393"
"0025","2020-08-05 16:18:35 UTC","0","Harvey House","365","47","443.71725231277634"
"0025","2020-08-05 16:18:35 UTC","0","Harris Hall","456","104","270.1203435507959"
"0025","2020-08-05 16:18:35 UTC","0","Lynch Station","595","73","585.2264518970413"
"0025","2020-08-05 16:18:35 UTC","0","Batty House","596","8","627.2615084635753"
"0026","2020-08-05 18:39:39 UTC","0","Lynch Station","72","260","148.64723340849636"
"0026","2020-08-05 18:39:39 UTC","0","Harris Hall","383","214","168.4280261714184"
"0026","2020-08-05 18:39:39 UTC","0","Harvey House","479","435","191.637678967368"
"0026","2020-08-05 18:39:39 UTC","0","Batty House","138","473","229.61271741782946"
"0026","2020-08-05 18:39:39 UTC","0","Golledge Hall","300","59","351.45412218382074"
"0026","2020-08-05 18:39:39 UTC","0","Snow Church","663","287","97.63708311906906"
"0026","2020-08-05 18:39:39 UTC","0","Sauer Center","519","49","114.76933388322858"
"0026","2020-08-05 18:39:39 UTC","0","Tobler Museum","656","142","164.2224101637776"
"0027","2020-08-06 14:05:26 UTC","0","Batty House","62","521","251.44780770569466"
"0027","2020-08-06 14:05:26 UTC","0","Lynch Station","25","339","215.39266468475662"
"0027","2020-08-06 14:05:26 UTC","0","Harris Hall","306","313","125.89678312014172"
"0027","2020-08-06 14:05:26 UTC","0","Harvey House","422","471","128.76334882255898"
"0027","2020-08-06 14:05:26 UTC","0","Golledge Hall","540","180","113.5649593844862"
"0027","2020-08-06 14:05:26 UTC","0","Snow Church","504","13","286.0209782515961"
"0027","2020-08-06 14:05:26 UTC","0","Sauer Center","332","-3","293.1091946698363"
"0027","2020-08-06 14:05:26 UTC","0","Tobler Museum","165","57","334.37852801877096"
"0028","2020-08-06 16:05:23 UTC","0","Batty House","31","512","240.03333101883996"
"0028","2020-08-06 16:05:23 UTC","0","Lynch Station","8","337","213.03755537463343"
"0028","2020-08-06 16:05:23 UTC","0","Harris Hall","216","271","45.0111097397076"
"0028","2020-08-06 16:05:23 UTC","0","Harvey House","349","186","304.0164469235176"
"0028","2020-08-06 16:05:23 UTC","0","Golledge Hall","647","151","162.75441622272496"
"0028","2020-08-06 16:05:23 UTC","0","Sauer Center","385","461","515.3018532860133"
"0028","2020-08-06 16:05:23 UTC","0","Tobler Museum","575","474","361.4249576329781"
"0028","2020-08-06 16:05:23 UTC","0","Snow Church","463","256","258.08913189051566"
"0029","2020-08-10 16:16:06 UTC","0","Golledge Hall","236","137","362.3534186398688"
"0029","2020-08-10 16:16:06 UTC","0","Snow Church","60","246","657.2800012171373"
"0029","2020-08-10 16:16:06 UTC","0","Sauer Center","178","410","603.1865383113254"
"0029","2020-08-10 16:16:06 UTC","0","Tobler Museum","415","367","257.11670501933554"
"0029","2020-08-10 16:16:06 UTC","0","Harvey House","589","292","352.5251764058845"
"0029","2020-08-10 16:16:06 UTC","0","Harris Hall","680","185","466.80402740336336"
"0029","2020-08-10 16:16:06 UTC","0","Lynch Station","525","29","521.7221482743473"
"0029","2020-08-10 16:16:06 UTC","0","Batty House","341","27","398.2725197650473"
"0030","2020-09-10 18:53:26 UTC","0","Lynch Station","67","58","85.9127464349732"
"0030","2020-09-10 18:53:26 UTC","0","Batty House","100","267","73.17103251970687"
"0030","2020-09-10 18:53:26 UTC","0","Harris Hall","207","343","117.27318534089538"
"0030","2020-09-10 18:53:26 UTC","0","Harvey House","362","127","364.40087815481456"
"0030","2020-09-10 18:53:26 UTC","0","Golledge Hall","448","195","150.57224179774968"
"0030","2020-09-10 18:53:26 UTC","0","Snow Church","387","391","377.9378255745249"
"0030","2020-09-10 18:53:26 UTC","0","Sauer Center","604","107","104.1393297462587"
"0030","2020-09-10 18:53:26 UTC","0","Tobler Museum","587","294","196.01020381602586"
"0031","2020-09-15 12:17:37 UTC","0","Golledge Hall","542","342","55.54277630799526"
"0031","2020-09-15 12:17:37 UTC","0","Snow Church","681","229","42.43819034784589"
"0031","2020-09-15 12:17:37 UTC","0","Sauer Center","537","90","122.34786471369249"
"0031","2020-09-15 12:17:37 UTC","0","Tobler Museum","368","172","134.6291201783626"
"0031","2020-09-15 12:17:37 UTC","0","Harvey House","4","330","328.8236609491476"
"0031","2020-09-15 12:17:37 UTC","0","Batty House","16","122","150.4027925272666"
"0031","2020-09-15 12:17:37 UTC","0","Lynch Station","135","16","163.68567438844488"
"0031","2020-09-15 12:17:37 UTC","0","Harris Hall","160","288","82.87943049997388"
"0032","2020-09-16 13:11:03 UTC","0","Batty House","536","515","564.0301410385796"
"0032","2020-09-16 13:11:03 UTC","0","Lynch Station","422","332","459.7434066955175"
"0032","2020-09-16 13:11:03 UTC","0","Harris Hall","670","186","456.75485766437123"
"0032","2020-09-16 13:11:03 UTC","0","Harvey House","500","68","465.1075144523038"
"0032","2020-09-16 13:11:03 UTC","0","Golledge Hall","163","44","470.9670901453731"
"0032","2020-09-16 13:11:03 UTC","0","Snow Church","32","220","684.1644539144079"
"0032","2020-09-16 13:11:03 UTC","0","Sauer Center","60","350","662.0045317065435"
"0032","2020-09-16 13:11:03 UTC","0","Tobler Museum","200","457","445.05505277437305"
"0034","2020-09-17 14:07:48 UTC","0","Golledge Hall","602","300","39.05124837953327"
"0034","2020-09-17 14:07:48 UTC","0","Snow Church","419","275","305.1376738457577"
"0034","2020-09-17 14:07:48 UTC","0","Sauer Center","215","302","506.269690975077"
"0034","2020-09-17 14:07:48 UTC","0","Harris Hall","567","156","358.8927416373867"
"0034","2020-09-17 14:07:48 UTC","0","Tobler Museum","294","438","373.43941945113403"
"0034","2020-09-17 14:07:48 UTC","0","Batty House","383","80","404.4749683231337"
"0034","2020-09-17 14:07:48 UTC","0","Lynch Station","300","120","288.0277764383151"
"0034","2020-09-17 14:07:48 UTC","0","Harvey House","502","73","461.5278973149944"
"0035","2020-09-17 16:03:54 UTC","0","Golledge Hall","650","233","103.73041983911952"
"0035","2020-09-17 16:03:54 UTC","0","Tobler Museum","350","229","178.60011198204776"
"0035","2020-09-17 16:03:54 UTC","0","Snow Church","611","142","122.4499897917513"
"0035","2020-09-17 16:03:54 UTC","0","Sauer Center","449","70","187.61929538296428"
"0035","2020-09-17 16:03:54 UTC","0","Lynch Station","39","262","140.61649974309557"
"0035","2020-09-17 16:03:54 UTC","0","Batty House","10","237","38.91015291668744"
"0035","2020-09-17 16:03:54 UTC","0","Harvey House","372","387","125.25174649480941"
"0035","2020-09-17 16:03:54 UTC","0","Harris Hall","194","439","214.03270778084362"
"0036","2020-09-17 18:07:25 UTC","0","Lynch Station","29","278","154.93547043850222"
"0036","2020-09-17 18:07:25 UTC","0","Batty House","118","459","207.9663434308542"
"0036","2020-09-17 18:07:25 UTC","0","Tobler Museum","269","76","228.67444107289296"
"0036","2020-09-17 18:07:25 UTC","0","Snow Church","554","233","164.40194646049662"
"0036","2020-09-17 18:07:25 UTC","0","Golledge Hall","408","396","188.04520733057782"
"0036","2020-09-17 18:07:25 UTC","0","Sauer Center","478","113","182.40888136272312"
"0036","2020-09-17 18:07:25 UTC","0","Harvey House","43","78","478.17360864020924"
"0036","2020-09-17 18:07:25 UTC","0","Harris Hall","298","265","91.706052144883"
"0037","2020-09-18 13:25:53 UTC","0","Tobler Museum","495","71","51.03920062069938"
"0037","2020-09-18 13:25:53 UTC","0","Batty House","43","491","219.58369702689677"
"0037","2020-09-18 13:25:53 UTC","0","Lynch Station","9","335","211.0213259365034"
"0037","2020-09-18 13:25:53 UTC","0","Harris Hall","111","136","137.53544997563355"
"0037","2020-09-18 13:25:53 UTC","0","Harvey House","306","34","451.159616987159"
"0037","2020-09-18 13:25:53 UTC","0","Golledge Hall","308","258","258.11818998280614"
"0037","2020-09-18 13:25:53 UTC","0","Snow Church","491","463","342.32878932394806"
"0037","2020-09-18 13:25:53 UTC","0","Sauer Center","639","255","250.39169315294788"
"0038","2020-09-18 15:21:06 UTC","0","Batty House","4","268","23.345235059857504"
"0038","2020-09-18 15:21:06 UTC","0","Lynch Station","0","137","17.69180601295413"
"0038","2020-09-18 15:21:06 UTC","0","Harvey House","732","249","497.533918441748"
"0038","2020-09-18 15:21:06 UTC","0","Harris Hall","271","148","96.02083107326243"
"0038","2020-09-18 15:21:06 UTC","0","Snow Church","544","331","213.21350801485352"
"0038","2020-09-18 15:21:06 UTC","0","Tobler Museum","487","153","31.575306807693888"
"0038","2020-09-18 15:21:06 UTC","0","Golledge Hall","354","367","223.32935319836486"
"0038","2020-09-18 15:21:06 UTC","0","Sauer Center","182","298","531.1289862170959"
"0039","2020-09-18 16:19:07 UTC","0","Lynch Station","","",""
"0039","2020-09-18 16:19:07 UTC","0","Batty House","","",""
"0039","2020-09-18 16:19:07 UTC","0","Tobler Museum","","",""
"0039","2020-09-18 16:19:07 UTC","0","Sauer Center","","",""
"0039","2020-09-18 16:19:07 UTC","0","Snow Church","","",""
"0039","2020-09-18 16:19:07 UTC","0","Golledge Hall","","",""
"0039","2020-09-18 16:19:07 UTC","0","Harvey House","","",""
"0039","2020-09-18 16:19:07 UTC","0","Harris Hall","","",""
"0040","2020-09-18 18:07:14 UTC","0","Batty House","14","67","205.41178155110774"
"0040","2020-09-18 18:07:14 UTC","0","Lynch Station","189","15","207.87015177749788"
"0040","2020-09-18 18:07:14 UTC","0","Harris Hall","256","256","50.80354318352215"
"0040","2020-09-18 18:07:14 UTC","0","Harvey House","6","327","328.4935311387425"
"0040","2020-09-18 18:07:14 UTC","0","Snow Church","717","457","252.00198411917316"
"0040","2020-09-18 18:07:14 UTC","0","Sauer Center","633","192","187.17104476921637"
"0040","2020-09-18 18:07:14 UTC","0","Golledge Hall","419","488","244.60989350392188"
"0040","2020-09-18 18:07:14 UTC","0","Tobler Museum","419","341","231.16444363266598"
"0042","2020-09-24 15:12:53 UTC","0","Golledge Hall","308","443","297.7247050548543"
"0042","2020-09-24 15:12:53 UTC","0","Sauer Center","359","59","271.42586464815764"
"0042","2020-09-24 15:12:53 UTC","0","Snow Church","653","170","72.069410986909"
"0042","2020-09-24 15:12:53 UTC","0","Tobler Museum","105","95","388.9382984484814"
"0042","2020-09-24 15:12:53 UTC","0","Batty House","52","490","219.4288039433292"
"0042","2020-09-24 15:12:53 UTC","0","Lynch Station","32","275","152.31874474272692"
"0042","2020-09-24 15:12:53 UTC","0","Harris Hall","540","397","367.24106524189256"
"0042","2020-09-24 15:12:53 UTC","0","Harvey House","703","404","416.9436412754127"
"0043","2020-09-24 16:15:16 UTC","0","Golledge Hall","620","17","279.66408421533146"
"0043","2020-09-24 16:15:16 UTC","0","Tobler Museum","650","465","377.22407134221964"
"0043","2020-09-24 16:15:16 UTC","0","Snow Church","399","280","325.75143898377485"
"0043","2020-09-24 16:15:16 UTC","0","Sauer Center","41","27","584.4142366506826"
"0043","2020-09-24 16:15:16 UTC","0","Harris Hall","354","29","241.1016383187804"
"0043","2020-09-24 16:15:16 UTC","0","Batty House","103","394","143.7358688706476"
"0043","2020-09-24 16:15:16 UTC","0","Lynch Station","106","201","121.51131634543344"
"0043","2020-09-24 16:15:16 UTC","0","Harvey House","28","446","268.8438208328397"
"0044","2020-09-24 16:22:25 UTC","0","Tobler Museum","267","494","435.27003113010204"
"0044","2020-09-24 16:22:25 UTC","0","Sauer Center","53","418","705.5161231325617"
"0044","2020-09-24 16:22:25 UTC","0","Snow Church","59","260","659.2981116308464"
"0044","2020-09-24 16:22:25 UTC","0","Golledge Hall","240","251","326.4597984438513"
"0044","2020-09-24 16:22:25 UTC","0","Harvey House","581","21","545.5868400172424"
"0044","2020-09-24 16:22:25 UTC","0","Harris Hall","443","211","228.49288829195538"
"0044","2020-09-24 16:22:25 UTC","0","Lynch Station","638","325","657.4777562777314"
"0044","2020-09-24 16:22:25 UTC","0","Batty House","620","493","632.8427924848319"
"0046","2020-09-24 19:11:47 UTC","0","Harvey House","13","251","365.6733515037704"
"0046","2020-09-24 19:11:47 UTC","0","Sauer Center","592","161","159.45218719101973"
"0046","2020-09-24 19:11:47 UTC","0","Tobler Museum","317","464","384.6296920415791"
"0046","2020-09-24 19:11:47 UTC","0","Lynch Station","216","322","284.2885857715712"
"0046","2020-09-24 19:11:47 UTC","0","Golledge Hall","556","397","106.30145812734649"
"0046","2020-09-24 19:11:47 UTC","0","Snow Church","307","62","433.27820162108316"
"0046","2020-09-24 19:11:47 UTC","0","Harris Hall","707","39","526.3392442142235"
"0046","2020-09-24 19:11:47 UTC","0","Batty House","373","255","346.41737831696605"
"0047","2020-09-25 14:07:10 UTC","0","Batty House","44","428","156.92354826475216"
"0047","2020-09-25 14:07:10 UTC","0","Lynch Station","3","223","99.40824915468535"
"0047","2020-09-25 14:07:10 UTC","0","Harris Hall","146","100","143.65583872575453"
"0047","2020-09-25 14:07:10 UTC","0","Golledge Hall","320","68","330.55256768024054"
"0047","2020-09-25 14:07:10 UTC","0","Snow Church","503","140","222.69710370815332"
"0047","2020-09-25 14:07:10 UTC","0","Sauer Center","591","214","211.74749113035554"
"0047","2020-09-25 14:07:10 UTC","0","Harvey House","397","245","261.16852796613915"
"0047","2020-09-25 14:07:10 UTC","0","Tobler Museum","330","406","327.4522866006588"
"0052","2020-09-25 17:07:23 UTC","0","Batty House","27","511","239.0"
"0052","2020-09-25 17:07:23 UTC","0","Lynch Station","88","427","312.385979198811"
"0052","2020-09-25 17:07:23 UTC","0","Harvey House","625","482","331.0135948869774"
"0052","2020-09-25 17:07:23 UTC","0","Harris Hall","345","451","259.8557292037257"
"0052","2020-09-25 17:07:23 UTC","0","Golledge Hall","420","240","152.76452467768817"
"0052","2020-09-25 17:07:23 UTC","0","Snow Church","547","107","195.35864454894235"
"0052","2020-09-25 17:07:23 UTC","0","Sauer Center","389","14","236.17154782064668"
"0052","2020-09-25 17:07:23 UTC","0","Tobler Museum","227","98","267.0805122055894"
"0053","2020-09-25 17:12:26 UTC","0","Batty House","27","482","210.0"
"0053","2020-09-25 17:12:26 UTC","0","Lynch Station","41","247","126.37246535539299"
"0053","2020-09-25 17:12:26 UTC","0","Harris Hall","364","205","150.4725888658795"
"0053","2020-09-25 17:12:26 UTC","0","Harvey House","398","42","455.04395392093716"
"0053","2020-09-25 17:12:26 UTC","0","Tobler Museum","583","116","90.19977827023745"
"0053","2020-09-25 17:12:26 UTC","0","Sauer Center","614","261","256.236219141635"
"0053","2020-09-25 17:12:26 UTC","0","Snow Church","591","398","229.94347131414713"
"0053","2020-09-25 17:12:26 UTC","0","Golledge Hall","391","448","233.6193485137736"
"0055","2020-09-28 21:17:19 UTC","0","Lynch Station","636","27","631.4942596730393"
"0055","2020-09-28 21:17:19 UTC","0","Golledge Hall","211","380","364.04670030093666"
"0055","2020-09-28 21:17:19 UTC","0","Harris Hall","262","247","51.478150704935004"
"0055","2020-09-28 21:17:19 UTC","0","Snow Church","400","322","336.964389809962"
"0055","2020-09-28 21:17:19 UTC","0","Harvey House","657","203","459.66618322430463"
"0055","2020-09-28 21:17:19 UTC","0","Batty House","510","33","538.8970217026626"
"0055","2020-09-28 21:17:19 UTC","0","Sauer Center","6","99","626.0966379082386"
"0055","2020-09-28 21:17:19 UTC","0","Tobler Museum","31","479","583.8604285272295"
"0057","2020-09-30 14:15:44 UTC","0","Golledge Hall","613","352","78.24321056807422"
"0057","2020-09-30 14:15:44 UTC","0","Snow Church","360","177","357.0994259306503"
"0057","2020-09-30 14:15:44 UTC","0","Sauer Center","509","101","150.57224179774968"
"0057","2020-09-30 14:15:44 UTC","0","Tobler Museum","204","190","296.89223634174067"
"0057","2020-09-30 14:15:44 UTC","0","Lynch Station","4","334","210.15232570685484"
"0057","2020-09-30 14:15:44 UTC","0","Batty House","77","511","244.1741182025646"
"0057","2020-09-30 14:15:44 UTC","0","Harris Hall","131","138","121.6552506059644"
"0057","2020-09-30 14:15:44 UTC","0","Harvey House","19","9","549.7281146166712"
"0058","2020-09-30 16:06:13 UTC","0","Golledge Hall","623","16","281.2578887782528"
"0058","2020-09-30 16:06:13 UTC","0","Snow Church","326","38","424.25110488954533"
"0058","2020-09-30 16:06:13 UTC","0","Sauer Center","204","166","450.73495537843525"
"0058","2020-09-30 16:06:13 UTC","0","Tobler Museum","497","199","77.10382610480494"
"0058","2020-09-30 16:06:13 UTC","0","Batty House","625","347","602.6848264225672"
"0058","2020-09-30 16:06:13 UTC","0","Lynch Station","331","318","373.35907649339396"
"0058","2020-09-30 16:06:13 UTC","0","Harris Hall","225","479","253.1975513309716"
"0058","2020-09-30 16:06:13 UTC","0","Harvey House","551","489","257.0311265197272"
"0059","2020-09-30 17:14:12 UTC","0","Batty House","77","515","248.09070921741508"
"0059","2020-09-30 17:14:12 UTC","0","Lynch Station","20","355","231.1384866265244"
"0059","2020-09-30 17:14:12 UTC","0","Harris Hall","242","362","138.6542462386205"
"0059","2020-09-30 17:14:12 UTC","0","Harvey House","438","478","144.1700384962146"
"0059","2020-09-30 17:14:12 UTC","0","Golledge Hall","526","369","86.76404785393545"
"0059","2020-09-30 17:14:12 UTC","0","Snow Church","646","296","114.80853626799707"
"0059","2020-09-30 17:14:12 UTC","0","Sauer Center","533","143","165.8553586713435"
"0059","2020-09-30 17:14:12 UTC","0","Tobler Museum","378","173","125.80143083447024"
"0061","2020-09-30 19:09:56 UTC","0","Batty House","","",""
"0061","2020-09-30 19:09:56 UTC","0","Golledge Hall","208","348","360.5343256889696"
"0061","2020-09-30 19:09:56 UTC","0","Snow Church","393","205","323.0"
"0061","2020-09-30 19:09:56 UTC","0","Sauer Center","200","133","443.85695894060285"
"0061","2020-09-30 19:09:56 UTC","0","Tobler Museum","59","230","447.2359556207439"
"0061","2020-09-30 19:09:56 UTC","0","Harvey House","99","440","200.124960961895"
"0061","2020-09-30 19:09:56 UTC","0","Harris Hall","597","131","393.6356183070836"
"0061","2020-09-30 19:09:56 UTC","0","Lynch Station","399","31","398.0175875511031"
"0063","2020-10-01 15:06:39 UTC","0","Batty House","83","507","241.58021442162848"
"0063","2020-10-01 15:06:39 UTC","0","Lynch Station","6","293","169.10647533432893"
"0063","2020-10-01 15:06:39 UTC","0","Golledge Hall","236","82","388.92801390488705"
"0063","2020-10-01 15:06:39 UTC","0","Harris Hall","431","206","216.92394980729998"
"0063","2020-10-01 15:06:39 UTC","0","Harvey House","443","73","438.11528163258583"
"0063","2020-10-01 15:06:39 UTC","0","Sauer Center","662","306","303.2655601943617"
"0063","2020-10-01 15:06:39 UTC","0","Tobler Museum","432","462","345.42871913030046"
"0063","2020-10-01 15:06:39 UTC","0","Snow Church","697","31","175.03428235634297"
"0064","2020-10-01 16:09:40 UTC","0","Harvey House","409","296","221.23742902140225"
"0064","2020-10-01 16:09:40 UTC","0","Harris Hall","530","418","368.90242612376517"
"0064","2020-10-01 16:09:40 UTC","0","Lynch Station","344","98","333.01651610693426"
"0064","2020-10-01 16:09:40 UTC","0","Batty House","406","8","461.8841846177459"
"0064","2020-10-01 16:09:40 UTC","0","Snow Church","80","135","639.8406051510017"
"0064","2020-10-01 16:09:40 UTC","0","Sauer Center","38","330","670.9649767312746"
"0064","2020-10-01 16:09:40 UTC","0","Golledge Hall","237","354","333.0135132393279"
"0064","2020-10-01 16:09:40 UTC","0","Tobler Museum","583","241","149.20120642943877"
"0070","2020-10-02 14:08:30 UTC","0","Harvey House","38","438","260.2786967848118"
"0070","2020-10-02 14:08:30 UTC","0","Snow Church","187","238","530.0283011311755"
"0070","2020-10-02 14:08:30 UTC","0","Golledge Hall","42","270","522.4222430180399"
"0070","2020-10-02 14:08:30 UTC","0","Sauer Center","337","185","339.62332075403776"
"0070","2020-10-02 14:08:30 UTC","0","Tobler Museum","506","175","54.57105459856901"
"0070","2020-10-02 14:08:30 UTC","0","Batty House","518","400","507.41009055792335"
"0070","2020-10-02 14:08:30 UTC","0","Harris Hall","373","395","231.3547060251855"
"0070","2020-10-02 14:08:30 UTC","0","Lynch Station","190","374","306.8941185490527"
"0071","2020-10-02 16:10:00 UTC","0","Batty House","87","507","242.53865671269807"
"0071","2020-10-02 16:10:00 UTC","0","Harris Hall","336","307","145.60906565183365"
"0071","2020-10-02 16:10:00 UTC","0","Lynch Station","50","221","104.17773274553444"
"0071","2020-10-02 16:10:00 UTC","0","Harvey House","647","437","356.24850876880873"
"0071","2020-10-02 16:10:00 UTC","0","Sauer Center","582","13","43.73785545725808"
"0071","2020-10-02 16:10:00 UTC","0","Tobler Museum","411","87","89.15716460273958"
"0071","2020-10-02 16:10:00 UTC","0","Snow Church","662","143","82.21921916437786"
"0071","2020-10-02 16:10:00 UTC","0","Golledge Hall","513","210","95.71833680126291"
"0072","2020-10-02 16:38:36 UTC","0","Golledge Hall","409","479","243.65754656894993"
"0072","2020-10-02 16:38:36 UTC","0","Snow Church","653","304","117.34564329364768"
"0072","2020-10-02 16:38:36 UTC","0","Sauer Center","609","8","16.278820596099706"
"0072","2020-10-02 16:38:36 UTC","0","Tobler Museum","374","60","134.18271125595876"
"0072","2020-10-02 16:38:36 UTC","0","Harvey House","264","310","177.55280904564702"
"0072","2020-10-02 16:38:36 UTC","0","Harris Hall","37","343","213.00938946440834"
"0072","2020-10-02 16:38:36 UTC","0","Lynch Station","130","44","142.56226709757388"
"0072","2020-10-02 16:38:36 UTC","0","Batty House","32","111","161.07762104029226"
"0074","2020-10-05 19:10:49 UTC","0","Golledge Hall","530","431","144.06942770761603"
"0074","2020-10-05 19:10:49 UTC","0","Sauer Center","571","12","54.45181356024793"
"0074","2020-10-05 19:10:49 UTC","0","Snow Church","654","263","84.8999411071645"
"0074","2020-10-05 19:10:49 UTC","0","Tobler Museum","344","10","186.40010729610646"
"0074","2020-10-05 19:10:49 UTC","0","Harvey House","46","11","534.9579422721005"
"0074","2020-10-05 19:10:49 UTC","0","Lynch Station","22","275","151.33076356114773"
"0074","2020-10-05 19:10:49 UTC","0","Harris Hall","162","118","120.30378215168466"
"0074","2020-10-05 19:10:49 UTC","0","Batty House","104","503","243.4953798329652"
"0075","2020-10-06 17:07:18 UTC","0","Lynch Station","125","17","155.62133529821674"
"0075","2020-10-06 17:07:18 UTC","0","Batty House","16","150","122.494897852931"
"0075","2020-10-06 17:07:18 UTC","0","Harris Hall","191","248","32.55764119219941"
"0075","2020-10-06 17:07:18 UTC","0","Harvey House","392","473","98.73196037757987"
"0075","2020-10-06 17:07:18 UTC","0","Golledge Hall","415","38","293.6153946917634"
"0075","2020-10-06 17:07:18 UTC","0","Snow Church","395","224","321.5618136533006"
"0075","2020-10-06 17:07:18 UTC","0","Tobler Museum","680","113","187.21645226849054"
"0075","2020-10-06 17:07:18 UTC","0","Sauer Center","533","288","297.578561055732"
"0076","2020-10-07 14:00:57 UTC","0","Golledge Hall","346","479","287.86802531715813"
"0076","2020-10-07 14:00:57 UTC","0","Snow Church","303","284","420.4878119517854"
"0076","2020-10-07 14:00:57 UTC","0","Sauer Center","66","304","633.9416376923036"
"0076","2020-10-07 14:00:57 UTC","0","Tobler Museum","80","460","533.6787423160117"
"0076","2020-10-07 14:00:57 UTC","0","Harvey House","678","202","477.0167711936342"
"0076","2020-10-07 14:00:57 UTC","0","Harris Hall","465","233","250.09798079952586"
"0076","2020-10-07 14:00:57 UTC","0","Lynch Station","448","61","440.52809218028307"
"0076","2020-10-07 14:00:57 UTC","0","Batty House","559","13","591.6967128521165"
"0077","2020-10-07 18:02:38 UTC","0","Golledge Hall","477","331","95.75489543621255"
"0077","2020-10-07 18:02:38 UTC","0","Tobler Museum","336","40","177.12425017484196"
"0077","2020-10-07 18:02:38 UTC","0","Snow Church","645","175","77.07788269017254"
"0077","2020-10-07 18:02:38 UTC","0","Sauer Center","546","6","79.00632886041473"
"0077","2020-10-07 18:02:38 UTC","0","Harvey House","168","427","138.70832707519762"
"0077","2020-10-07 18:02:38 UTC","0","Harris Hall","116","222","99.08077512817509"
"0077","2020-10-07 18:02:38 UTC","0","Lynch Station","42","3","124.66354719804824"
"0077","2020-10-07 18:02:38 UTC","0","Batty House","14","16","256.3298656028985"
"0078","2020-10-08 14:04:46 UTC","0","Batty House","","",""
"0078","2020-10-08 14:04:46 UTC","0","Golledge Hall","132","472","468.3855249684815"
"0078","2020-10-08 14:04:46 UTC","0","Sauer Center","102","169","548.1103903412159"
"0078","2020-10-08 14:04:46 UTC","0","Lynch Station","539","71","529.6583804680145"
"0078","2020-10-08 14:04:46 UTC","0","Snow Church","278","184","438.50313567864026"
"0078","2020-10-08 14:04:46 UTC","0","Tobler Museum","37","346","508.0472418978377"
"0078","2020-10-08 14:04:46 UTC","0","Harvey House","626","244","410.2499238269277"
"0078","2020-10-08 14:04:46 UTC","0","Harris Hall","465","290","258.0620080523284"
"0079","2020-10-08 16:01:31 UTC","0","Golledge Hall","626","387","114.28035701729323"
"0079","2020-10-08 16:01:31 UTC","0","Lynch Station","55","285","166.6433316997713"
"0079","2020-10-08 16:01:31 UTC","0","Batty House","252","467","297.7414986191881"
"0079","2020-10-08 16:01:31 UTC","0","Harris Hall","215","196","30.0"
"0079","2020-10-08 16:01:31 UTC","0","Harvey House","292","37","448.0044642634714"
"0079","2020-10-08 16:01:31 UTC","0","Snow Church","477","285","252.03372790164414"
"0079","2020-10-08 16:01:31 UTC","0","Sauer Center","493","151","196.82479518597245"
"0079","2020-10-08 16:01:31 UTC","0","Tobler Museum","646","35","176.00568172647155"
"0080","2020-10-08 16:53:34 UTC","0","Golledge Hall","295","350","275.3942628305826"
"0080","2020-10-08 16:53:34 UTC","0","Snow Church","477","377","294.45712760943655"
"0080","2020-10-08 16:53:34 UTC","0","Sauer Center","528","241","255.15681452785068"
"0080","2020-10-08 16:53:34 UTC","0","Tobler Museum","394","201","126.65701717630967"
"0080","2020-10-08 16:53:34 UTC","0","Harvey House","128","303","246.3331078032346"
"0080","2020-10-08 16:53:34 UTC","0","Harris Hall","195","227","20.024984394500787"
"0080","2020-10-08 16:53:34 UTC","0","Lynch Station","206","73","200.59162494979694"
"0080","2020-10-08 16:53:34 UTC","0","Batty House","368","119","373.75125417849773"
"0081","2020-10-08 18:03:21 UTC","0","Batty House","28","44","228.0021929719098"
"0081","2020-10-08 18:03:21 UTC","0","Lynch Station","110","16","145.83552379307312"
"0081","2020-10-08 18:03:21 UTC","0","Harris Hall","186","252","38.948684188300895"
"0081","2020-10-08 18:03:21 UTC","0","Harvey House","357","278","216.37467504308356"
"0081","2020-10-08 18:03:21 UTC","0","Golledge Hall","456","420","168.24089871371942"
"0081","2020-10-08 18:03:21 UTC","0","Sauer Center","610","256","251.44780770569466"
"0081","2020-10-08 18:03:21 UTC","0","Tobler Museum","662","82","173.66922582887275"
"0081","2020-10-08 18:03:21 UTC","0","Snow Church","493","170","225.72992712531496"
"0082","2020-10-08 20:01:49 UTC","0","Batty House","33","476","204.08821622033938"
"0082","2020-10-08 20:01:49 UTC","0","Lynch Station","0","280","156.46085772486356"
"0082","2020-10-08 20:01:49 UTC","0","Harris Hall","205","174","52.952809179494906"
"0082","2020-10-08 20:01:49 UTC","0","Harvey House","379","462","88.05679985100527"
"0082","2020-10-08 20:01:49 UTC","0","Sauer Center","625","4","1.0"
"0082","2020-10-08 20:01:49 UTC","0","Golledge Hall","495","149","157.87653403846943"
"0082","2020-10-08 20:01:49 UTC","0","Snow Church","719","115","90.0499861188218"
"0082","2020-10-08 20:01:49 UTC","0","Tobler Museum","440","4","129.3560976529518"
"0083","2020-10-09 18:09:34 UTC","0","Golledge Hall","673","491","227.7740108089595"
"0083","2020-10-09 18:09:34 UTC","0","Snow Church","697","345","141.2834031300209"
"0083","2020-10-09 18:09:34 UTC","0","Sauer Center","522","320","331.41213013406735"
"0083","2020-10-09 18:09:34 UTC","0","Tobler Museum","364","336","249.8739682319869"
"0083","2020-10-09 18:09:34 UTC","0","Harris Hall","188","195","41.10960958218893"
"0083","2020-10-09 18:09:34 UTC","0","Harvey House","206","15","478.1673347270807"
"0083","2020-10-09 18:09:34 UTC","0","Lynch Station","320","49","317.0"
"0083","2020-10-09 18:09:34 UTC","0","Batty House","342","2","414.87950057817994"
"0084","2020-10-12 14:09:10 UTC","0","Batty House","751","505","760.5688660469872"
"0084","2020-10-12 14:09:10 UTC","0","Harvey House","726","231","501.13870335467004"
"0084","2020-10-12 14:09:10 UTC","0","Lynch Station","471","418","545.0843971349758"
"0084","2020-10-12 14:09:10 UTC","0","Harris Hall","546","275","334.6072324382723"
"0084","2020-10-12 14:09:10 UTC","0","Tobler Museum","182","216","324.89536777245684"
"0084","2020-10-12 14:09:10 UTC","0","Sauer Center","20","57","607.2305987020087"
"0084","2020-10-12 14:09:10 UTC","0","Golledge Hall","349","66","311.20732639190874"
"0084","2020-10-12 14:09:10 UTC","0","Snow Church","232","6","523.3134815767696"
"0085","2020-10-12 16:08:28 UTC","0","Harvey House","701","166","517.117008035899"
"0085","2020-10-12 16:08:28 UTC","0","Sauer Center","194","30","431.7244491570984"
"0085","2020-10-12 16:08:28 UTC","0","Tobler Museum","15","129","478.05125248240904"
"0085","2020-10-12 16:08:28 UTC","0","Snow Church","363","93","370.34173407813495"
"0085","2020-10-12 16:08:28 UTC","0","Golledge Hall","522","177","121.49074038789952"
"0085","2020-10-12 16:08:28 UTC","0","Harris Hall","373","253","160.29036153181514"
"0085","2020-10-12 16:08:28 UTC","0","Lynch Station","214","363","312.92970456637704"
"0085","2020-10-12 16:08:28 UTC","0","Batty House","95","390","136.19104228986575"
"0086","2020-10-12 18:00:55 UTC","0","Lynch Station","121","191","127.94530081249565"
"0086","2020-10-12 18:00:55 UTC","0","Batty House","28","255","17.029386365926403"
"0086","2020-10-12 18:00:55 UTC","0","Harris Hall","291","386","177.13271860387624"
"0086","2020-10-12 18:00:55 UTC","0","Harvey House","68","474","226.2675407565124"
"0086","2020-10-12 18:00:55 UTC","0","Golledge Hall","559","364","73.17103251970687"
"0086","2020-10-12 18:00:55 UTC","0","Sauer Center","604","61","59.80802621722272"
"0086","2020-10-12 18:00:55 UTC","0","Tobler Museum","385","177","121.19818480488888"
"0086","2020-10-12 18:00:55 UTC","0","Snow Church","694","227","31.11269837220809"
"0087","2020-10-13 14:05:05 UTC","0","Batty House","10","158","115.26057435220423"
"0087","2020-10-13 14:05:05 UTC","0","Lynch Station","107","11","147.6279106402309"
"0087","2020-10-13 14:05:05 UTC","0","Harris Hall","311","199","99.72462083156798"
"0087","2020-10-13 14:05:05 UTC","0","Harvey House","18","396","289.99482754007875"
"0087","2020-10-13 14:05:05 UTC","0","Tobler Museum","463","261","142.20056258679148"
"0087","2020-10-13 14:05:05 UTC","0","Sauer Center","597","7","28.071337695236398"
"0087","2020-10-13 14:05:05 UTC","0","Snow Church","715","268","63.00793600809346"
"0087","2020-10-13 14:05:05 UTC","0","Golledge Hall","607","497","210.440015206234"
"0088","2020-10-13 19:05:11 UTC","0","Golledge Hall","224","20","434.7884543085292"
"0088","2020-10-13 19:05:11 UTC","0","Snow Church","102","120","619.8556283522801"
"0088","2020-10-13 19:05:11 UTC","0","Sauer Center","159","245","524.1717275855309"
"0088","2020-10-13 19:05:11 UTC","0","Tobler Museum","339","133","154.39235732380018"
"0088","2020-10-13 19:05:11 UTC","0","Harvey House","652","108","519.8971052044818"
"0088","2020-10-13 19:05:11 UTC","0","Lynch Station","423","415","503.5891182303287"
"0088","2020-10-13 19:05:11 UTC","0","Harris Hall","518","254","304.2909791630373"
"0088","2020-10-13 19:05:11 UTC","0","Batty House","667","394","651.5243663900836"
"0089","2020-10-14 14:03:10 UTC","0","Sauer Center","351","15","274.18242102658587"
"0089","2020-10-14 14:03:10 UTC","0","Snow Church","492","104","245.7173172570464"
"0089","2020-10-14 14:03:10 UTC","0","Tobler Museum","226","107","267.4210163767986"
"0089","2020-10-14 14:03:10 UTC","0","Golledge Hall","492","224","98.35141076771599"
"0089","2020-10-14 14:03:10 UTC","0","Lynch Station","17","391","267.0468123756582"
"0089","2020-10-14 14:03:10 UTC","0","Batty House","20","531","259.09457732650446"
"0089","2020-10-14 14:03:10 UTC","0","Harris Hall","208","284","58.42088667591412"
"0089","2020-10-14 14:03:10 UTC","0","Harvey House","609","492","315.07776817795315"
"0090","2020-10-14 14:12:46 UTC","0","Batty House","11","31","241.53053637169774"
"0090","2020-10-14 14:12:46 UTC","0","Lynch Station","56","9","123.13001258832064"
"0090","2020-10-14 14:12:46 UTC","0","Harvey House","684","473","390.1845717093386"
"0090","2020-10-14 14:12:46 UTC","0","Snow Church","286","431","485.77360982251804"
"0090","2020-10-14 14:12:46 UTC","0","Sauer Center","584","73","79.40403012442127"
"0090","2020-10-14 14:12:46 UTC","0","Golledge Hall","49","384","523.3297239790609"
"0090","2020-10-14 14:12:46 UTC","0","Harris Hall","205","271","46.09772228646444"
"0090","2020-10-14 14:12:46 UTC","0","Tobler Museum","521","265","145.71547618561317"
"0091","2020-10-14 16:11:50 UTC","0","Batty House","141","468","226.74214429611447"
"0091","2020-10-14 16:11:50 UTC","0","Lynch Station","60","254","138.57849761056005"
"0091","2020-10-14 16:11:50 UTC","0","Harris Hall","287","260","79.62411694957753"
"0091","2020-10-14 16:11:50 UTC","0","Harvey House","380","397","123.0447073221762"
"0091","2020-10-14 16:11:50 UTC","0","Golledge Hall","538","153","140.42791745233566"
"0091","2020-10-14 16:11:50 UTC","0","Snow Church","462","59","292.97098832478275"
"0091","2020-10-14 16:11:50 UTC","0","Sauer Center","275","27","350.69074695520555"
"0091","2020-10-14 16:11:50 UTC","0","Tobler Museum","360","174","142.80406156688963"
"0092","2020-10-15 14:06:41 UTC","0","Lynch Station","538","47","531.6060571513459"
"0092","2020-10-15 14:06:41 UTC","0","Sauer Center","18","382","714.547409203896"
"0092","2020-10-15 14:06:41 UTC","0","Golledge Hall","166","173","415.12407783697637"
"0092","2020-10-15 14:06:41 UTC","0","Snow Church","32","224","684.2638380040261"
"0092","2020-10-15 14:06:41 UTC","0","Tobler Museum","183","386","407.1805496336975"
"0092","2020-10-15 14:06:41 UTC","0","Harris Hall","450","199","236.54597861726586"
"0092","2020-10-15 14:06:41 UTC","0","Harvey House","178","15","484.10329476259506"
"0092","2020-10-15 14:06:41 UTC","0","Batty House","443","37","477.7876097179583"
"0093","2020-10-15 14:11:17 UTC","0","Batty House","267","526","349.4509979954271"
"0093","2020-10-15 14:11:17 UTC","0","Lynch Station","200","367","307.23443817384793"
"0093","2020-10-15 14:11:17 UTC","0","Harris Hall","538","291","329.4753405036559"
"0093","2020-10-15 14:11:17 UTC","0","Harvey House","649","200","455.2471856036015"
"0093","2020-10-15 14:11:17 UTC","0","Golledge Hall","370","129","252.74493071078598"
"0093","2020-10-15 14:11:17 UTC","0","Snow Church","216","107","509.5134934425191"
"0093","2020-10-15 14:11:17 UTC","0","Sauer Center","102","156","544.3620119001693"
"0093","2020-10-15 14:11:17 UTC","0","Tobler Museum","27","258","485.44000659195774"
"0094","2020-10-15 16:00:36 UTC","0","Golledge Hall","605","232","71.84705978674423"
"0094","2020-10-15 16:00:36 UTC","0","Snow Church","524","56","243.03291958086666"
"0094","2020-10-15 16:00:36 UTC","0","Sauer Center","217","75","413.961350852951"
"0094","2020-10-15 16:00:36 UTC","0","Tobler Museum","52","162","442.81034314929906"
"0094","2020-10-15 16:00:36 UTC","0","Harvey House","435","444","146.84004903295286"
"0094","2020-10-15 16:00:36 UTC","0","Harris Hall","375","318","184.56435192094924"
"0094","2020-10-15 16:00:36 UTC","0","Lynch Station","125","313","220.20445045457188"
"0094","2020-10-15 16:00:36 UTC","0","Batty House","144","505","260.725909721301"
"0095","2020-10-15 16:12:14 UTC","0","Tobler Museum","574","206","116.69190203266035"
"0095","2020-10-15 16:12:14 UTC","0","Batty House","55","518","247.58836806279893"
"0095","2020-10-15 16:12:14 UTC","0","Lynch Station","27","321","197.57024067404484"
"0095","2020-10-15 16:12:14 UTC","0","Harris Hall","238","261","41.88078318274385"
"0095","2020-10-15 16:12:14 UTC","0","Harvey House","428","25","479.1200267156446"
"0095","2020-10-15 16:12:14 UTC","0","Golledge Hall","611","441","157.19096666157378"
"0095","2020-10-15 16:12:14 UTC","0","Snow Church","389","367","364.9287601710778"
"0095","2020-10-15 16:12:14 UTC","0","Sauer Center","122","48","504.83462638769146"
"0096","2020-10-15 17:11:16 UTC","0","Batty House","26","110","162.00308639035245"
"0096","2020-10-15 17:11:16 UTC","0","Lynch Station","83","45","106.21675950620975"
"0096","2020-10-15 17:11:16 UTC","0","Harris Hall","170","230","45.17742799230607"
"0096","2020-10-15 17:11:16 UTC","0","Harvey House","259","453","47.4236228055175"
"0096","2020-10-15 17:11:16 UTC","0","Golledge Hall","493","321","77.07788269017254"
"0096","2020-10-15 17:11:16 UTC","0","Snow Church","652","211","64.28063471995279"
"0096","2020-10-15 17:11:16 UTC","0","Sauer Center","565","74","91.43850392476902"
"0096","2020-10-15 17:11:16 UTC","0","Tobler Museum","353","103","141.2834031300209"
"0097","2020-10-15 18:08:56 UTC","0","Golledge Hall","350","370","228.11619846034608"
"0097","2020-10-15 18:08:56 UTC","0","Snow Church","212","133","509.11688245431424"
"0097","2020-10-15 18:08:56 UTC","0","Sauer Center","61","153","583.09518948453"
"0097","2020-10-15 18:08:56 UTC","0","Tobler Museum","23","323","511.17609490272525"
"0097","2020-10-15 18:08:56 UTC","0","Batty House","728","263","701.0577722270826"
"0097","2020-10-15 18:08:56 UTC","0","Lynch Station","536","179","526.8785438789475"
"0097","2020-10-15 18:08:56 UTC","0","Harvey House","375","105","388.53699952514177"
"0097","2020-10-15 18:08:56 UTC","0","Harris Hall","562","67","381.69359439215117"
"0098","2020-10-15 19:36:39 UTC","0","Golledge Hall","277","428","318.0220118167923"
"0098","2020-10-15 19:36:39 UTC","0","Snow Church","287","315","442.8780870623427"
"0098","2020-10-15 19:36:39 UTC","0","Tobler Museum","7","490","609.6064304122784"
"0098","2020-10-15 19:36:39 UTC","0","Harris Hall","637","206","422.47366781848075"
"0098","2020-10-15 19:36:39 UTC","0","Lynch Station","442","283","458.4550141507888"
"0098","2020-10-15 19:36:39 UTC","0","Batty House","497","507","525.4759747124506"
"0098","2020-10-15 19:36:39 UTC","0","Harvey House","695","472","401.21066785418355"
"0098","2020-10-15 19:36:39 UTC","0","Sauer Center","35","152","608.0370054527931"
"0099","2020-10-16 13:45:15 UTC","0","Batty House","33","49","223.0807028857494"
"0099","2020-10-16 13:45:15 UTC","0","Lynch Station","194","6","216.90550938138938"
"0099","2020-10-16 13:45:15 UTC","0","Harris Hall","266","198","58.180752831155424"
"0099","2020-10-16 13:45:15 UTC","0","Harvey House","85","458","210.7368026710095"
"0099","2020-10-16 13:45:15 UTC","0","Golledge Hall","428","441","202.47468977627796"
"0099","2020-10-16 13:45:15 UTC","0","Snow Church","613","410","229.42101037176172"
"0099","2020-10-16 13:45:15 UTC","0","Sauer Center","674","296","295.0965943551365"
"0099","2020-10-16 13:45:15 UTC","0","Tobler Museum","532","210","96.25487000666512"
"0100","2020-10-16 14:09:49 UTC","0","Batty House","10","74","198.72845795205075"
"0100","2020-10-16 14:09:49 UTC","0","Lynch Station","102","13","142.90206436577463"
"0100","2020-10-16 14:09:49 UTC","0","Harris Hall","219","190","36.22154055254967"
"0100","2020-10-16 14:09:49 UTC","0","Harvey House","33","354","292.03082029128365"
"0100","2020-10-16 14:09:49 UTC","0","Golledge Hall","405","462","233.49946466748057"
"0100","2020-10-16 14:09:49 UTC","0","Snow Church","575","418","255.44079548889601"
"0100","2020-10-16 14:09:49 UTC","0","Sauer Center","528","218","234.04700382615454"
"0100","2020-10-16 14:09:49 UTC","0","Tobler Museum","384","221","147.24808997063425"
"0101","2020-10-16 16:11:34 UTC","0","Batty House","26","238","34.0147027033899"
"0101","2020-10-16 16:11:34 UTC","0","Lynch Station","77","137","66.2872536767062"
"0101","2020-10-16 16:11:34 UTC","0","Harris Hall","213","332","106.01886624558857"
"0101","2020-10-16 16:11:34 UTC","0","Harvey House","360","432","84.64632301523794"
"0101","2020-10-16 16:11:34 UTC","0","Golledge Hall","504","318","65.79513659838392"
"0101","2020-10-16 16:11:34 UTC","0","Snow Church","641","202","75.05997601918082"
"0101","2020-10-16 16:11:34 UTC","0","Sauer Center","525","87","129.3213052826177"
"0101","2020-10-16 16:11:34 UTC","0","Tobler Museum","376","62","131.48764200486676"
"0102","2020-10-20 14:03:49 UTC","0","Golledge Hall","501","26","272.38575586840074"
"0102","2020-10-20 14:03:49 UTC","0","Snow Church","402","126","323.7854227725516"
"0102","2020-10-20 14:03:49 UTC","0","Sauer Center","333","244","377.3393697985939"
"0102","2020-10-20 14:03:49 UTC","0","Tobler Museum","477","334","212.60291625469299"
"0102","2020-10-20 14:03:49 UTC","0","Batty House","41","461","189.51780918953236"
"0102","2020-10-20 14:03:49 UTC","0","Lynch Station","135","368","273.2489707208428"
"0102","2020-10-20 14:03:49 UTC","0","Harvey House","234","24","464.8881585930104"
"0102","2020-10-20 14:03:49 UTC","0","Harris Hall","104","132","145.45446022724775"
"0104","2020-10-21 14:03:15 UTC","0","Batty House","692","507","705.3013540324448"
"0104","2020-10-21 14:03:15 UTC","0","Lynch Station","301","430","420.9002257067582"
"0104","2020-10-21 14:03:15 UTC","0","Harris Hall","216","299","73.00684899377592"
"0104","2020-10-21 14:03:15 UTC","0","Harvey House","695","226","477.36987755827244"
"0104","2020-10-21 14:03:15 UTC","0","Golledge Hall","285","151","312.1554100123847"
"0104","2020-10-21 14:03:15 UTC","0","Snow Church","467","67","284.6840353795766"
"0104","2020-10-21 14:03:15 UTC","0","Tobler Museum","50","75","445.4862511907635"
"0104","2020-10-21 14:03:15 UTC","0","Sauer Center","349","5","276.0"
"0105","2020-10-21 14:07:50 UTC","0","Sauer Center","106","78","524.1087673374678"
"0105","2020-10-21 14:07:50 UTC","0","Snow Church","358","46","391.72056366752054"
"0105","2020-10-21 14:07:50 UTC","0","Golledge Hall","529","17","276.22635645426743"
"0105","2020-10-21 14:07:50 UTC","0","Tobler Museum","527","184","70.71067811865476"
"0105","2020-10-21 14:07:50 UTC","0","Harris Hall","440","334","249.57764322951687"
"0105","2020-10-21 14:07:50 UTC","0","Harvey House","196","402","128.42507543311004"
"0105","2020-10-21 14:07:50 UTC","0","Lynch Station","548","433","618.6897445408321"
"0105","2020-10-21 14:07:50 UTC","0","Batty House","737","469","736.8235881131928"
"0106","2020-10-21 16:03:13 UTC","0","Tobler Museum","289","176","211.02606474082768"
"0106","2020-10-21 16:03:13 UTC","0","Snow Church","64","453","697.5729352548019"
"0106","2020-10-21 16:03:13 UTC","0","Sauer Center","259","389","530.4827989671296"
"0106","2020-10-21 16:03:13 UTC","0","Golledge Hall","24","178","551.6964745219966"
"0106","2020-10-21 16:03:13 UTC","0","Harvey House","315","23","462.47702645645006"
"0106","2020-10-21 16:03:13 UTC","0","Lynch Station","609","336","633.524269464083"
"0106","2020-10-21 16:03:13 UTC","0","Batty House","660","73","663.54351778915"
"0106","2020-10-21 16:03:13 UTC","0","Harris Hall","478","134","278.6269907959385"
"0107","2020-10-21 18:00:42 UTC","0","Batty House","476","525","515.3736508592576"
"0107","2020-10-21 18:00:42 UTC","0","Lynch Station","434","372","489.4772721996395"
"0107","2020-10-21 18:00:42 UTC","0","Sauer Center","27","232","639.6350521977356"
"0107","2020-10-21 18:00:42 UTC","0","Harris Hall","669","213","454.1860852117775"
"0107","2020-10-21 18:00:42 UTC","0","Tobler Museum","80","465","536.8593856867923"
"0107","2020-10-21 18:00:42 UTC","0","Harvey House","623","12","576.1683781673548"
"0107","2020-10-21 18:00:42 UTC","0","Snow Church","164","124","557.9112832700196"
"0107","2020-10-21 18:00:42 UTC","0","Golledge Hall","243","12","425.30224546785547"
"0108","2020-10-22 14:04:00 UTC","0","Tobler Museum","","",""
"0108","2020-10-22 14:04:00 UTC","0","Batty House","25","486","214.00934559032697"
"0108","2020-10-22 14:04:00 UTC","0","Lynch Station","13","301","177.00282483621552"
"0108","2020-10-22 14:04:00 UTC","0","Harris Hall","645","170","433.6311796907598"
"0108","2020-10-22 14:04:00 UTC","0","Harvey House","693","9","621.1094911527274"
"0108","2020-10-22 14:04:00 UTC","0","Snow Church","307","190","409.27496869464176"
"0108","2020-10-22 14:04:00 UTC","0","Golledge Hall","589","378","90.52071586106685"
"0108","2020-10-22 14:04:00 UTC","0","Sauer Center","310","12","315.07776817795315"
"0109","2020-10-22 14:04:26 UTC","0","Tobler Museum","144","43","357.8295683701949"
"0109","2020-10-22 14:04:26 UTC","0","Lynch Station","7","265","141.088624630053"
"0109","2020-10-22 14:04:26 UTC","0","Batty House","15","516","244.29490375363952"
"0109","2020-10-22 14:04:26 UTC","0","Harris Hall","332","416","223.13448859376265"
"0109","2020-10-22 14:04:26 UTC","0","Harvey House","627","472","333.253657144224"
"0109","2020-10-22 14:04:26 UTC","0","Golledge Hall","368","233","204.40156555173445"
"0109","2020-10-22 14:04:26 UTC","0","Sauer Center","498","14","127.3184982632139"
"0109","2020-10-22 14:04:26 UTC","0","Snow Church","678","153","64.40496875241847"
"0110","2020-10-22 16:34:16 UTC","0","Batty House","81","522","255.76551761330143"
"0110","2020-10-22 16:34:16 UTC","0","Lynch Station","16","373","249.0321264415497"
"0110","2020-10-22 16:34:16 UTC","0","Harris Hall","256","325","107.15409464878138"
"0110","2020-10-22 16:34:16 UTC","0","Harvey House","536","443","245.6175889467202"
"0110","2020-10-22 16:34:16 UTC","0","Tobler Museum","411","173","96.56603957913983"
"0110","2020-10-22 16:34:16 UTC","0","Sauer Center","311","63","319.31175988365976"
"0110","2020-10-22 16:34:16 UTC","0","Snow Church","590","19","224.65974272218867"
"0110","2020-10-22 16:34:16 UTC","0","Golledge Hall","651","117","194.5379140424817"
"0112","2020-10-23 15:07:43 UTC","0","Lynch Station","379","427","475.9180601742279"
"0112","2020-10-23 15:07:43 UTC","0","Batty House","694","503","705.868259663232"
"0112","2020-10-23 15:07:43 UTC","0","Harris Hall","517","367","333.29416436535456"
"0112","2020-10-23 15:07:43 UTC","0","Harvey House","666","47","574.6546789159556"
"0112","2020-10-23 15:07:43 UTC","0","Golledge Hall","71","26","559.7088528869273"
"0112","2020-10-23 15:07:43 UTC","0","Sauer Center","229","213","447.3030292765744"
"0112","2020-10-23 15:07:43 UTC","0","Snow Church","25","236","691.695019499201"
"0112","2020-10-23 15:07:43 UTC","0","Tobler Museum","416","140","79.07591289387686"
"0116","2020-10-27 19:03:52 UTC","0","Sauer Center","29","45","597.3407737631845"
"0116","2020-10-27 19:03:52 UTC","0","Snow Church","218","45","523.0716968064703"
"0116","2020-10-27 19:03:52 UTC","0","Tobler Museum","40","267","475.640620637052"
"0116","2020-10-27 19:03:52 UTC","0","Golledge Hall","335","183","253.1896522372113"
"0116","2020-10-27 19:03:52 UTC","0","Harvey House","685","133","526.10360196448"
"0116","2020-10-27 19:03:52 UTC","0","Harris Hall","553","246","338.5911989405513"
"0116","2020-10-27 19:03:52 UTC","0","Batty House","716","469","716.6100752850186"
"0116","2020-10-27 19:03:52 UTC","0","Lynch Station","510","425","581.8977573423015"
"0118","2020-10-28 13:35:59 UTC","0","Batty House","158","520","280.4728150819612"
"0118","2020-10-28 13:35:59 UTC","0","Lynch Station","68","371","253.26863208853953"
"0118","2020-10-28 13:35:59 UTC","0","Harris Hall","366","325","180.5602392554906"
"0118","2020-10-28 13:35:59 UTC","0","Harvey House","535","479","241.07467722678797"
"0118","2020-10-28 13:35:59 UTC","0","Golledge Hall","376","164","226.87661845152752"
"0118","2020-10-28 13:35:59 UTC","0","Snow Church","656","165","72.11102550927978"
"0118","2020-10-28 13:35:59 UTC","0","Sauer Center","584","18","43.01162633521314"
"0118","2020-10-28 13:35:59 UTC","0","Tobler Museum","293","-1","234.79565583715555"
"0119","2020-10-29 16:09:28 UTC","0","Batty House","83","518","252.29347989989753"
"0119","2020-10-29 16:09:28 UTC","0","Lynch Station","1","271","147.41099009232656"
"0119","2020-10-29 16:09:28 UTC","0","Harris Hall","113","215","102.59142264341595"
"0119","2020-10-29 16:09:28 UTC","0","Harvey House","239","287","205.49695861496346"
"0119","2020-10-29 16:09:28 UTC","0","Sauer Center","516","134","168.88457596832222"
"0119","2020-10-29 16:09:28 UTC","0","Tobler Museum","671","20","205.15360099203718"
"0119","2020-10-29 16:09:28 UTC","0","Golledge Hall","250","156","341.79087173299405"
"0119","2020-10-29 16:09:28 UTC","0","Snow Church","419","232","298.22474746405607"
"0120","2020-10-30 15:37:04 UTC","0","Sauer Center","501","47","130.91982279242512"
"0120","2020-10-30 15:37:04 UTC","0","Tobler Museum","336","87","160.85397104206038"
"0120","2020-10-30 15:37:04 UTC","0","Snow Church","688","164","49.64876634922564"
"0120","2020-10-30 15:37:04 UTC","0","Golledge Hall","543","309","27.65863337187866"
"0120","2020-10-30 15:37:04 UTC","0","Harvey House","32","459","263.28691574022434"
"0120","2020-10-30 15:37:04 UTC","0","Harris Hall","112","258","107.8563859954523"
"0120","2020-10-30 15:37:04 UTC","0","Lynch Station","43","38","91.4166286842826"
"0120","2020-10-30 15:37:04 UTC","0","Batty House","6","47","225.97787502319778"
"0122","2020-11-03 15:16:23 UTC","0","Lynch Station","60","315","196.93907687404246"
"0122","2020-11-03 15:16:23 UTC","0","Golledge Hall","515","354","79.81227975693966"
"0122","2020-11-03 15:16:23 UTC","0","Sauer Center","350","192","332.5567620722814"
"0122","2020-11-03 15:16:23 UTC","0","Harris Hall","289","473","257.84685377176896"
"0122","2020-11-03 15:16:23 UTC","0","Harvey House","185","231","276.40007235889067"
"0122","2020-11-03 15:16:23 UTC","0","Snow Church","519","463","324.6120761770886"
"0122","2020-11-03 15:16:23 UTC","0","Tobler Museum","350","324","247.49343425634547"
"0122","2020-11-03 15:16:23 UTC","0","Batty House","73","457","190.63315556324403"
"0123","2020-11-05 15:13:15 UTC","0","Batty House","88","35","244.72433471152803"
"0123","2020-11-05 15:13:15 UTC","0","Lynch Station","231","11","246.43457549621561"
"0123","2020-11-05 15:13:15 UTC","0","Harris Hall","467","166","259.04439773907484"
"0123","2020-11-05 15:13:15 UTC","0","Harvey House","56","247","336.5828278447966"
"0123","2020-11-05 15:13:15 UTC","0","Golledge Hall","262","282","302.1340761979688"
"0123","2020-11-05 15:13:15 UTC","0","Snow Church","84","417","666.609330867788"
"0123","2020-11-05 15:13:15 UTC","0","Sauer Center","351","450","522.5906619908167"
"0123","2020-11-05 15:13:15 UTC","0","Tobler Museum","562","315","204.9634113689563"
"0124","2020-11-05 18:27:44 UTC","0","Harvey House","32","478","262.0934947685654"
"0124","2020-11-05 18:27:44 UTC","0","Golledge Hall","426","327","142.61837188805654"
"0124","2020-11-05 18:27:44 UTC","0","Snow Church","545","240","174.54512310574592"
"0124","2020-11-05 18:27:44 UTC","0","Sauer Center","445","164","240.16869071550522"
"0124","2020-11-05 18:27:44 UTC","0","Tobler Museum","311","208","201.2958022413781"
"0124","2020-11-05 18:27:44 UTC","0","Harris Hall","160","203","59.61543424315552"
"0124","2020-11-05 18:27:44 UTC","0","Lynch Station","79","6","135.69450983735487"
"0124","2020-11-05 18:27:44 UTC","0","Batty House","27","26","246.0"
"0126","2020-11-06 15:05:52 UTC","0","Harvey House","707","232","484.33253039621445"
"0126","2020-11-06 15:05:52 UTC","0","Lynch Station","442","339","480.7546151624548"
"0126","2020-11-06 15:05:52 UTC","0","Batty House","610","413","599.8083027101242"
"0126","2020-11-06 15:05:52 UTC","0","Golledge Hall","178","292","386.00129533461416"
"0126","2020-11-06 15:05:52 UTC","0","Snow Church","230","154","488.66859935952505"
"0126","2020-11-06 15:05:52 UTC","0","Sauer Center","11","184","639.5600050034399"
"0126","2020-11-06 15:05:52 UTC","0","Tobler Museum","47","304","481.7053041019997"
"0126","2020-11-06 15:05:52 UTC","0","Harris Hall","361","298","162.78820596099706"
"0127","2020-11-06 21:08:16 UTC","0","Golledge Hall","33","350","534.2677231501076"
"0127","2020-11-06 21:08:16 UTC","0","Sauer Center","647","263","258.93628559937287"
"0127","2020-11-06 21:08:16 UTC","0","Snow Church","317","354","425.9131366839957"
"0127","2020-11-06 21:08:16 UTC","0","Lynch Station","396","122","384.0052082980125"
"0127","2020-11-06 21:08:16 UTC","0","Batty House","46","491","219.8226557932553"
"0127","2020-11-06 21:08:16 UTC","0","Harvey House","180","172","333.11409456821247"
"0127","2020-11-06 21:08:16 UTC","0","Tobler Museum","469","427","305.94280511232813"
"0127","2020-11-06 21:08:16 UTC","0","Harris Hall","686","438","516.5123425437189"
"0128","2020-11-09 15:10:51 UTC","0","Golledge Hall","372","209","208.7773934122179"
"0128","2020-11-09 15:10:51 UTC","0","Snow Church","239","171","478.2102048262877"
"0128","2020-11-09 15:10:51 UTC","0","Sauer Center","54","243","618.6153893979683"
"0128","2020-11-09 15:10:51 UTC","0","Tobler Museum","140","400","449.32504937962227"
"0128","2020-11-09 15:10:51 UTC","0","Lynch Station","497","91","486.1213840184363"
"0128","2020-11-09 15:10:51 UTC","0","Batty House","707","119","697.0"
"0128","2020-11-09 15:10:51 UTC","0","Harris Hall","518","368","334.6236692166291"
"0128","2020-11-09 15:10:51 UTC","0","Harvey House","680","428","390.1858531520588"
"0129","2020-11-09 17:01:10 UTC","0","Batty House","46","464","192.93781381574738"
"0129","2020-11-09 17:01:10 UTC","0","Lynch Station","14","329","205.00975586542216"
"0129","2020-11-09 17:01:10 UTC","0","Harris Hall","261","284","74.02702209328699"
"0129","2020-11-09 17:01:10 UTC","0","Sauer Center","619","-5","11.661903789690601"
"0129","2020-11-09 17:01:10 UTC","0","Harvey House","458","403","183.35757415498276"
"0129","2020-11-09 17:01:10 UTC","0","Snow Church","739","185","30.479501308256342"
"0129","2020-11-09 17:01:10 UTC","0","Golledge Hall","552","218","73.97972695272672"
"0129","2020-11-09 17:01:10 UTC","0","Tobler Museum","437","45","95.2102935611481"
"0131","2020-11-12 15:07:22 UTC","0","Batty House","22","514","242.05164738129753"
"0131","2020-11-12 15:07:22 UTC","0","Lynch Station","1","278","154.39235732380018"
"0131","2020-11-12 15:07:22 UTC","0","Harris Hall","244","271","53.53503525729669"
"0131","2020-11-12 15:07:22 UTC","0","Harvey House","455","220","310.074184671991"
"0131","2020-11-12 15:07:22 UTC","0","Tobler Museum","639","255","197.4968354176846"
"0131","2020-11-12 15:07:22 UTC","0","Golledge Hall","250","28","409.59125967237145"
"0131","2020-11-12 15:07:22 UTC","0","Snow Church","473","55","285.56785533389433"
"0131","2020-11-12 15:07:22 UTC","0","Sauer Center","610","56","53.16013544000805"
"0132","2020-11-16 15:06:31 UTC","0","Golledge Hall","461","135","186.93581786270923"
"0132","2020-11-16 15:06:31 UTC","0","Harvey House","683","307","427.79083674150854"
"0132","2020-11-16 15:06:31 UTC","0","Snow Church","462","39","303.43368303469543"
"0132","2020-11-16 15:06:31 UTC","0","Sauer Center","287","28","338.7816405887427"
"0132","2020-11-16 15:06:31 UTC","0","Tobler Museum","287","157","208.95214763193988"
"0132","2020-11-16 15:06:31 UTC","0","Harris Hall","249","318","98.08159868191383"
"0132","2020-11-16 15:06:31 UTC","0","Lynch Station","85","329","217.60974242896387"
"0132","2020-11-16 15:06:31 UTC","0","Batty House","12","382","111.01801655587259"
"0133","2020-11-18 22:09:44 UTC","0","Harvey House","603","447","311.3278015211619"
"0133","2020-11-18 22:09:44 UTC","0","Batty House","155","508","268.47718711279737"
"0133","2020-11-18 22:09:44 UTC","0","Lynch Station","89","322","212.44528707410763"
"0133","2020-11-18 22:09:44 UTC","0","Golledge Hall","503","168","137.2953021774598"
"0133","2020-11-18 22:09:44 UTC","0","Harris Hall","397","288","192.27064258487306"
"0133","2020-11-18 22:09:44 UTC","0","Tobler Museum","208","186","292.0975864330276"
"0133","2020-11-18 22:09:44 UTC","0","Sauer Center","92","43","534.3528796591256"
"0133","2020-11-18 22:09:44 UTC","0","Snow Church","366","18","396.8236384088025"
"0134","2020-11-19 15:08:23 UTC","0","Sauer Center","50","426","712.6471777815443"
"0134","2020-11-19 15:08:23 UTC","0","Tobler Museum","629","442","347.7010209936117"
"0134","2020-11-19 15:08:23 UTC","0","Golledge Hall","428","296","136.09188072769072"
"0134","2020-11-19 15:08:23 UTC","0","Snow Church","54","210","662.0188819059468"
"0134","2020-11-19 15:08:23 UTC","0","Lynch Station","637","16","634.2625639275899"
"0134","2020-11-19 15:08:23 UTC","0","Harvey House","69","16","520.1788154087016"
"0134","2020-11-19 15:08:23 UTC","0","Batty House","571","5","605.9909240244444"
"0134","2020-11-19 15:08:23 UTC","0","Harris Hall","480","125","283.5947813342128"
"0139","2020-11-24 16:06:52 UTC","0","Batty House","61","106","169.44615663980107"
"0139","2020-11-24 16:06:52 UTC","0","Lynch Station","189","27","201.83656754909404"
"0139","2020-11-24 16:06:52 UTC","0","Harris Hall","447","146","245.40578640284747"
"0139","2020-11-24 16:06:52 UTC","0","Harvey House","541","279","321.6286678764814"
"0139","2020-11-24 16:06:52 UTC","0","Golledge Hall","374","386","212.42645786248002"
"0139","2020-11-24 16:06:52 UTC","0","Snow Church","265","268","455.3789630626342"
"0139","2020-11-24 16:06:52 UTC","0","Sauer Center","146","381","608.9474525769855"
"0139","2020-11-24 16:06:52 UTC","0","Tobler Museum","62","261","452.8598017046777"
"0140","2020-11-24 16:42:14 UTC","0","Harris Hall","451","31","306.13885738337757"
"0140","2020-11-24 16:42:14 UTC","0","Golledge Hall","622","481","198.65548066942426"
"0140","2020-11-24 16:42:14 UTC","0","Snow Church","329","482","475.9180601742279"
"0140","2020-11-24 16:42:14 UTC","0","Sauer Center","56","430","710.2013798916473"
"0140","2020-11-24 16:42:14 UTC","0","Tobler Museum","13","251","497.0321921163658"
"0140","2020-11-24 16:42:14 UTC","0","Batty House","40","81","191.44189719076647"
"0140","2020-11-24 16:42:14 UTC","0","Lynch Station","198","9","218.68013169924697"
"0140","2020-11-24 16:42:14 UTC","0","Harvey House","659","51","567.0811229445043"
"0141","2020-12-02 15:03:54 UTC","0","Batty House","60","493","223.45021816950637"
"0141","2020-12-02 15:03:54 UTC","0","Harvey House","690","460","396.7883566840136"
"0141","2020-12-02 15:03:54 UTC","0","Lynch Station","29","287","163.88410539158457"
"0141","2020-12-02 15:03:54 UTC","0","Harris Hall","354","280","149.12075643584967"
"0141","2020-12-02 15:03:54 UTC","0","Golledge Hall","629","87","214.1051143714227"
"0141","2020-12-02 15:03:54 UTC","0","Snow Church","419","12","354.2005081871001"
"0141","2020-12-02 15:03:54 UTC","0","Sauer Center","186","59","442.3087157178796"
"0141","2020-12-02 15:03:54 UTC","0","Tobler Museum","341","152","154.9322432549145"
"0142","2020-12-02 19:10:18 UTC","0","Snow Church","710","200","7.810249675906654"
"0142","2020-12-02 19:10:18 UTC","0","Sauer Center","561","7","64.03124237432849"
"0142","2020-12-02 19:10:18 UTC","0","Golledge Hall","509","249","69.20260110718382"
"0142","2020-12-02 19:10:18 UTC","0","Tobler Museum","362","92","134.39121995130486"
"0142","2020-12-02 19:10:18 UTC","0","Batty House","3","316","50.11985634456667"
"0142","2020-12-02 19:10:18 UTC","0","Lynch Station","-16","93","41.773197148410844"
"0142","2020-12-02 19:10:18 UTC","0","Harris Hall","228","200","29.068883707497267"
"0142","2020-12-02 19:10:18 UTC","0","Harvey House","298","446","39.20459156782532"
"0143","2020-12-03 15:11:54 UTC","0","Batty House","166","516","280.81488564533043"
"0143","2020-12-03 15:11:54 UTC","0","Golledge Hall","504","425","146.81961721786362"
"0143","2020-12-03 15:11:54 UTC","0","Lynch Station","131","343","249.24285345822858"
"0143","2020-12-03 15:11:54 UTC","0","Snow Church","284","10","473.9715181316278"
"0143","2020-12-03 15:11:54 UTC","0","Tobler Museum","18","230","487.1231877051225"
"0143","2020-12-03 15:11:54 UTC","0","Sauer Center","59","41","567.1437207622068"
"0143","2020-12-03 15:11:54 UTC","0","Harris Hall","564","232","349.05157212079706"
"0143","2020-12-03 15:11:54 UTC","0","Harvey House","715","86","580.0362057665021"
"0145","2020-12-09 15:15:10 UTC","0","Batty House","34","504","232.1055794245369"
"0145","2020-12-09 15:15:10 UTC","0","Lynch Station","-41","334","216.5848563496534"
"0145","2020-12-09 15:15:10 UTC","0","Harris Hall","261","288","77.20103626247513"
"0145","2020-12-09 15:15:10 UTC","0","Harvey House","449","476","155.2610704587599"
"0145","2020-12-09 15:15:10 UTC","0","Golledge Hall","545","145","147.2311108427835"
"0145","2020-12-09 15:15:10 UTC","0","Snow Church","647","32","186.25251676151922"
"0145","2020-12-09 15:15:10 UTC","0","Sauer Center","486","2","139.0323703315167"
"0145","2020-12-09 15:15:10 UTC","0","Tobler Museum","138","-4","376.6974913640918"
"0146","2020-12-10 18:11:03 UTC","0","Tobler Museum","629","392","302.3177136722227"
"0146","2020-12-10 18:11:03 UTC","0","Sauer Center","486","465","480.54240187521435"
"0146","2020-12-10 18:11:03 UTC","0","Snow Church","392","263","329.15042154006125"
"0146","2020-12-10 18:11:03 UTC","0","Golledge Hall","592","196","99.04039579888602"
"0146","2020-12-10 18:11:03 UTC","0","Batty House","71","267","44.28317965096906"
"0146","2020-12-10 18:11:03 UTC","0","Lynch Station","154","222","172.5340546095176"
"0146","2020-12-10 18:11:03 UTC","0","Harvey House","95","475","199.25109786397664"
"0146","2020-12-10 18:11:03 UTC","0","Harris Hall","272","419","201.2411488736834"